Core_ID,Species,Ring,Resin_Duct_Count,Notes,,,
S04303,PIAL,0,0,,,,
S04303,PIAL,1,2,,,,
S04303,PIAL,2,0,,,,
S04303,PIAL,3,0,,,,
S04303,PIAL,4,0,,,,
S04303,PIAL,5,2,,,,
S04303,PIAL,6,3,,,,
S04303,PIAL,7,0,,,,
S04303,PIAL,8,0,,,,
S04303,PIAL,9,2,,,,
S04303,PIAL,10,0,,,,
S04303,PIAL,11,1,,,,
S04303,PIAL,12,1,,,,
S04303,PIAL,13,0,,,,
S04303,PIAL,14,1,,,,
S04303,PIAL,15,0,,,,
S04303,PIAL,16,0,,,,
S04303,PIAL,17,0,,,,
S04303,PIAL,18,0,,,,
S04303,PIAL,19,2,,,,
S04303,PIAL,20,0,,,,
S04303,PIAL,21,0,,,,
S04303,PIAL,22,2,,,,
S04303,PIAL,23,0,,,,
S04303,PIAL,24,3,,,,
S04303,PIAL,25,2,,,,
S04303,PIAL,26,1,,,,
S04303,PIAL,27,2,,,,
S04303,PIAL,28,0,,,,
S04303,PIAL,29,1,,,,
S04303,PIAL,30,0,,,,
S04303,PIAL,31,1,,,,
S04303,PIAL,32,0,,,,
S04303,PIAL,33,0,,,,
S04303,PIAL,34,0,,,,
S04303,PIAL,35,2,,,,
S04303,PIAL,36,1,,,,
S04303,PIAL,37,1,,,,
S04303,PIAL,38,0,,,,
S04303,PIAL,39,0,,,,
S04303,PIAL,40,0,,,,
S04303,PIAL,41,0,,,,
S04303,PIAL,42,0,,,,
S04303,PIAL,43,0,narrow ring,,,
S04303,PIAL,44,1,"wide ring, duct on border",,,
S04303,PIAL,45,2,"wide ring, duct on border",,,
S04303,PIAL,46,1,wide ring ,,,
S04303,PIAL,47,1,"dark duct, darker wood, very wide",,,
S04303,PIAL,48,0,wide ring ,,,
S04303,PIAL,49,3,relatively narrow,,,
S04303,PIAL,50,0,,,,
S04303,PIAL,51,1,Big duct,,,
S04303,PIAL,52,1,,,,
S04303,PIAL,53,1,,,,
S04303,PIAL,54,1,,,,
S04303,PIAL,55,3,,,,
S04303,PIAL,56,1,,,,
S04303,PIAL,57,1,"Scan is not clear, could be 3-4 small rings here",,,
S04303,PIAL,58,0,narrow ring,,,
S04303,PIAL,59,1,narrow ring,,,
S04303,PIAL,60,0,,,,
S04303,PIAL,61,1,,,,
S04303,PIAL,62,1,,,,
S04303,PIAL,63,0,,,,
S04303,PIAL,64,1,,,,
S04303,PIAL,65,1,,,,
S04303,PIAL,66,1,,,,
S04303,PIAL,67,1,huge,,,
S04303,PIAL,68,0,,,,
S04303,PIAL,69,1,,,,
S04303,PIAL,70,1,,,,
S04303,PIAL,71,1,,,,
S04303,PIAL,72,2,,,,
S04303,PIAL,73,1,,,,
S04303,PIAL,74,1,,,,
S04303,PIAL,75,1,,,,
S04303,PIAL,76,3,,,,
S04303,PIAL,77,1,,,,
S04303,PIAL,78,0,,,,
S04303,PIAL,79,2,,,,
S04303,PIAL,80,1,,,,
S04303,PIAL,81,1,,,,
S04303,PIAL,82,2,resin smear,,,
S04303,PIAL,83,1,,,,
S04303,PIAL,84,1,,,,
S04303,PIAL,85,1,,,,
S04303,PIAL,86,0,,,,
S04303,PIAL,87,0,,,,
S04303,PIAL,88,1,resin smear,,,
S04303,PIAL,89,1,resin smear,,,
S04303,PIAL,90,0,narrow ring,,,
S04303,PIAL,91,2,,,,
S04303,PIAL,92,1,,,,
S04303,PIAL,93,0,resin smear,,,
S04303,PIAL,94,1,,,,
S04303,PIAL,95,1,,,,
S04303,PIAL,96,2,,,,
S04303,PIAL,97,1,close to pith (1-2 years),,,
S043 04,PIAL,0,0,white spots that appear to be small holes all over the first section of this core,,,
S043 04,PIAL,1,0,,,,
S043 04,PIAL,2,0,,,,
S043 04,PIAL,3,0,,,,
S043 04,PIAL,4,0,,,,
S043 04,PIAL,5,1,,,,
S043 04,PIAL,6,1,,,,
S043 04,PIAL,7,1,,,,
S043 04,PIAL,8,0,,,,
S043 04,PIAL,9,0,,,,
S043 04,PIAL,10,0,,,,
S043 04,PIAL,11,0,,,,
S043 04,PIAL,12,0,,,,
S043 04,PIAL,13,0,,,,
S043 04,PIAL,14,0,,,,
S043 04,PIAL,15,0,,,,
S043 04,PIAL,16,0,,,,
S043 04,PIAL,17,0,,,,
S043 04,PIAL,18,1,,,,
S043 04,PIAL,19,1,,,,
S043 04,PIAL,20,0,,,,
S043 04,PIAL,21,0,,,,
S043 04,PIAL,22,3,,,,
S043 04,PIAL,23,0,,,,
S043 04,PIAL,24,0,,,,
S043 04,PIAL,25,0,,,,
S043 04,PIAL,26,1,,,,
S043 04,PIAL,27,1,,,,
S043 04,PIAL,28,0,,,,
S043 04,PIAL,29,0,,,,
S043 04,PIAL,30,0,,,,
S043 04,PIAL,31,0,,,,
S043 04,PIAL,32,0,,,,
S043 04,PIAL,33,1,,,,
S043 04,PIAL,34,0,,,,
S043 04,PIAL,35,0,,,,
S043 04,PIAL,36,0,narrow ring,,,
S043 04,PIAL,37,2,,,,
S043 04,PIAL,38,1,,,,
S043 04,PIAL,39,0,,,,
S043 04,PIAL,40,0,,,,
S043 04,PIAL,41,0,,,,
S043 04,PIAL,42,0,,,,
S043 04,PIAL,43,0,,,,
S043 04,PIAL,44,0,,,,
S043 04,PIAL,45,0,,,,
S043 04,PIAL,46,0,,,,
S043 04,PIAL,47,0,,,,
S043 04,PIAL,48,0,,,,
S043 04,PIAL,49,0,,,,
S043 04,PIAL,50,0,,,,
S043 04,PIAL,51,0,,,,
S043 04,PIAL,52,1,,,,
S043 04,PIAL,53,1,,,,
S043 04,PIAL,54,2,,,,
S043 04,PIAL,55,2,,,,
S043 04,PIAL,56,2,,,,
S043 04,PIAL,57,1,,,,
S043 04,PIAL,58,1,,,,
S043 04,PIAL,59,1,,,,
S043 04,PIAL,60,0,,,,
S043 04,PIAL,61,0,,,,
S043 04,PIAL,62,0,,,,
S043 04,PIAL,63,0,,,,
S043 04,PIAL,64,2,core is too cracked to count beyond here,,,
S043 05,PIAL,0,0,,,,
S043 05,PIAL,1,0,,,,
S043 05,PIAL,2,0,,,,
S043 05,PIAL,3,0,,,,
S043 05,PIAL,4,0,,,,
S043 05,PIAL,5,0,,,,
S043 05,PIAL,6,0,,,,
S043 05,PIAL,7,0,,,,
S043 05,PIAL,8,0,,,,
S043 05,PIAL,9,2,,,,
S043 05,PIAL,10,0,,,,
S043 05,PIAL,11,0,glued here,,,
S043 05,PIAL,12,1,,,,
S043 05,PIAL,13,0,,,,
S043 05,PIAL,14,0,,,,
S043 05,PIAL,15,0,,,,
S043 05,PIAL,16,0,,,,
S043 05,PIAL,17,0,,,,
S043 05,PIAL,18,2,,,,
S043 05,PIAL,19,0,,,,
S043 05,PIAL,20,0,,,,
S043 05,PIAL,21,0,,,,
S043 05,PIAL,22,0,,,,
S043 05,PIAL,23,0,,,,
S043 05,PIAL,24,1,,,,
S043 05,PIAL,25,0,,,,
S043 05,PIAL,26,0,,,,
S043 05,PIAL,27,0,,,,
S043 05,PIAL,28,0,,,,
S043 05,PIAL,29,0,,,,
S043 05,PIAL,30,0,,,,
S043 05,PIAL,31,2,,,,
S043 05,PIAL,32,1,,,,
S043 05,PIAL,33,2,,,,
S043 05,PIAL,34,0,,,,
S043 05,PIAL,35,1,,,,
S043 05,PIAL,36,0,,,,
S043 05,PIAL,37,1,,,,
S043 05,PIAL,38,0,,,,
S043 05,PIAL,39,0,,,,
S043 05,PIAL,40,1,,,,
S043 05,PIAL,41,1,,,,
S043 05,PIAL,42,2,,,,
S043 05,PIAL,43,2,,,,
S043 05,PIAL,44,2,resin smear,,,
S043 05,PIAL,45,1,,,,
S043 05,PIAL,46,0,,,,
S043 05,PIAL,47,1,,,,
S043 05,PIAL,48,0,,,,
S043 05,PIAL,49,0,,,,
S043 05,PIAL,50,1,,,,
S043 05,PIAL,51,1,,,,
S043 05,PIAL,52,1,,,,
S043 05,PIAL,53,1,,,,
S043 05,PIAL,54,1,,,,
S043 05,PIAL,55,1,,,,
S043 05,PIAL,56,2,,,,
S043 05,PIAL,57,0,,,,
S043 05,PIAL,58,2,,,,
S043 05,PIAL,59,1,,,,
S043 05,PIAL,60,1,,,,
S043 05,PIAL,61,0,,,,
S043 05,PIAL,62,1,,,,
S043 05,PIAL,63,0,,,,
S043 05,PIAL,64,2,,,,
S043 05,PIAL,65,0,,,,
S043 05,PIAL,66,0,resin smear,,,
S043 05,PIAL,67,2,,,,
S043 05,PIAL,68,0,,,,
S043 05,PIAL,69,1,,,,
S043 05,PIAL,70,2,,,,
S043 05,PIAL,71,4,,,,
S043 05,PIAL,72,3,,,,
S043 05,PIAL,73,3,,,,
S043 05,PIAL,74,6,,,,
S043 05,PIAL,75,5,,,,
S043 05,PIAL,76,1,,,,
S043 05,PIAL,77,3,,,,
S043 05,PIAL,78,2,,,,
S043 05,PIAL,79,0,,,,
S043 05,PIAL,80,0,,,,
S043 05,PIAL,81,0,,,,
S043 05,PIAL,82,5,,,,
S043 05,PIAL,83,4,,,,
S043 05,PIAL,84,5,,,,
S 043 07,PIAL,0,2,,,,
S04307,PIAL,1,4,,,,
S04307,PIAL,2,3,,,,
S04307,PIAL,3,3,,,,
S04307,PIAL,4,3,,,,
S04307,PIAL,5,5,,,,
S04307,PIAL,6,4,,,,
S04307,PIAL,7,2,,,,
S04307,PIAL,8,5,,,,
S04307,PIAL,9,3,,,,
S04307,PIAL,10,6,,,,
S04307,PIAL,11,4,,,,
S04307,PIAL,12,5,,,,
S04307,PIAL,13,4,,,,
S04307,PIAL,14,4,,,,
S04307,PIAL,15,4,,,,
S04307,PIAL,16,4,,,,
S04307,PIAL,17,3,,,,
S04307,PIAL,18,1,,,,
S04307,PIAL,19,2,,,,
S04307,PIAL,20,2,,,,
S04307,PIAL,21,4,,,,
S04307,PIAL,22,1,,,,
S04307,PIAL,23,2,,,,
S04307,PIAL,24,1,narrow ring,,,
S04307,PIAL,25,2,narrow ring,,,
S04307,PIAL,26,2,narrow ring,,,
S04307,PIAL,27,1,,,,
S04307,PIAL,28,0,,,,
S04307,PIAL,29,3,,,,
S04307,PIAL,30,3,,,,
S04307,PIAL,31,4,,,,
S04307,PIAL,32,0,,,,
S04307,PIAL,33,4,,,,
S04307,PIAL,34,2,,,,
S04307,PIAL,35,1,,,,
S04307,PIAL,36,3,,,,
S04307,PIAL,37,3,,,,
S04307,PIAL,38,1,,,,
S04307,PIAL,39,3,,,,
S04307,PIAL,40,0,,,,
S04307,PIAL,41,0,,,,
S04307,PIAL,42,2,,,,
S04307,PIAL,43,2,,,,
S04307,PIAL,44,1,,,,
S04307,PIAL,45,0,,,,
S04307,PIAL,46,2,,,,
S04307,PIAL,47,1,,,,
S04307,PIAL,48,1,,,,
S04307,PIAL,49,1,,,,
S04307,PIAL,50,1,,,,
S04307,PIAL,51,1,,,,
S04307,PIAL,52,1,,,,
S04307,PIAL,53,2,,,,
S04307,PIAL,54,4,,,,
S04307,PIAL,55,0,,,,
S04307,PIAL,56,0,,,,
S04307,PIAL,57,0,,,,
S04307,PIAL,58,2,,,,
S04307,PIAL,59,5,,,,
S04307,PIAL,60,3,,,,
S04307,PIAL,61,3,,,,
S04307,PIAL,62,0,,,,
S04307,PIAL,63,3,,,,
S04307,PIAL,64,3,,,,
S04307,PIAL,65,1,,,,
S04307,PIAL,66,4,,,,
S04307,PIAL,67,1,smear,,,
S04307,PIAL,68,1,,,,
S04307,PIAL,69,4,,,,
S04307,PIAL,70,1,,,,
S04307,PIAL,71,3,getting near pith unsure how to count,,,
S0439A,PIAL,0,1,,,,
S0439A,PIAL,1,1,,,,
S0439A,PIAL,2,1,,,,
S0439A,PIAL,3,0,,,,
S0439A,PIAL,4,0,,,,
S0439A,PIAL,5,6,,,,
S0439A,PIAL,6,0,narrow ring,,,
S0439A,PIAL,7,0,narrow ring,,,
S0439A,PIAL,8,2,,,,
S0439A,PIAL,9,1,,,,
S0439A,PIAL,10,0,,,,
S0439A,PIAL,11,1,,,,
S0439A,PIAL,12,0,,,,
S0439A,PIAL,13,3,,,,
S0439A,PIAL,14,0,,,,
S0439A,PIAL,15,0,,,,
S0439A,PIAL,16,0,,,,
S0439A,PIAL,17,1,,,,
S0439A,PIAL,18,0,,,,
S0439A,PIAL,19,0,,,,
S0439A,PIAL,20,0,,,,
S0439A,PIAL,21,1,,,,
S0439A,PIAL,22,1,,,,
S0439A,PIAL,23,1,,,,
S0439A,PIAL,24,0,,,,
S0439A,PIAL,25,1,,,,
S0439A,PIAL,26,1,,,,
S0439A,PIAL,27,2,,,,
S0439A,PIAL,28,0,,,,
S0439A,PIAL,29,3,,,,
S0439A,PIAL,30,1,,,,
S0439A,PIAL,31,0,,,,
S0439A,PIAL,32,4,,,,
S0439A,PIAL,33,1,,,,
S0439A,PIAL,34,1,,,,
S0439A,PIAL,35,0,,,,
S0439A,PIAL,36,1,,,,
S0439A,PIAL,37,3,,,,
S0439A,PIAL,38,2,,,,
S0439A,PIAL,39,0,,,,
S0439A,PIAL,40,0,,,,
S0439A,PIAL,41,0,,,,
S0439A,PIAL,42,2,,,,
S0439A,PIAL,43,1,,,,
S0439A,PIAL,44,1,,,,
S0439A,PIAL,45,2,,,,
S0439A,PIAL,46,1,,,,
S0439A,PIAL,47,1,,,,
S0439A,PIAL,48,0,,,,
S0439A,PIAL,49,0,,,,
S0439A,PIAL,50,1,,,,
S0439A,PIAL,51,3,,,,
S0439A,PIAL,52,1,,,,
S0439A,PIAL,53,0,,,,
S0439A,PIAL,54,2,,,,
S0439A,PIAL,55,3,,,,
S0439A,PIAL,56,0,,,,
S0439A,PIAL,57,0,,,,
S0439A,PIAL,58,4,,,,
S0439A,PIAL,59,0,,,,
S0439A,PIAL,60,3,,,,
S0439A,PIAL,61,1,,,,
S0439A,PIAL,62,0,,,,
S0439A,PIAL,63,0,,,,
S0439A,PIAL,64,1,,,,
S0439A,PIAL,65,2,,,,
S0439A,PIAL,66,1,,,,
S0439A,PIAL,67,0,,,,
S0439A,PIAL,68,1,,,,
S0439A,PIAL,69,0,,,,
S0439A,PIAL,70,1,,,,
S0439A,PIAL,71,2,,,,
S0439A,PIAL,72,1,,,,
S0439A,PIAL,73,2,,,,
S0439A,PIAL,74,0,,,,
S0439A,PIAL,75,1,,,,
S0439A,PIAL,76,1,,,,
S0439A,PIAL,77,0,,,,
S0439A,PIAL,78,1,,,,
S0439A,PIAL,79,1,,,,
S0439A,PIAL,80,0,,,,
S0439A,PIAL,81,3,,,,
S0439A,PIAL,82,0,,,,
S0439A,PIAL,83,0,,,,
S0439A,PIAL,84,0,,,,
S0439A,PIAL,85,3,,,,
S0439A,PIAL,86,2,,,,
S0439A,PIAL,87,0,,,,
S0439A,PIAL,88,0,,,,
S0439A,PIAL,89,0,,,,
S0439A,PIAL,90,2,,,,
S0439A,PIAL,91,2,,,,
S0439A,PIAL,92,0,,,,
S0439A,PIAL,93,2,,,,
S0439A,PIAL,94,0,,,,
S0439A,PIAL,95,1,,,,
S0439A,PIAL,96,1,,,,
S0439A,PIAL,97,1,,,,
S0439A,PIAL,98,0,,,,
S0439A,PIAL,99,0,,,,
S0439A,PIAL,100,0,,,,
S0439A,PIAL,101,1,,,,
S0439A,PIAL,102,1,,,,
S0439A,PIAL,103,1,,,,
S0439A,PIAL,104,1,,,,
S0439A,PIAL,105,0,,,,
S0439A,PIAL,106,1,,,,
S0439A,PIAL,107,0,,,,
S0439A,PIAL,108,2,,,,
S0439A,PIAL,109,4,,,,
S0439A,PIAL,110,0,,,,
S0439A,PIAL,111,1,,,,
S0439A,PIAL,112,2,,,,
S0439A,PIAL,113,3,,,,
S0439A,PIAL,114,0,,,,
S0439A,PIAL,115,1,,,,
S0439A,PIAL,116,0,,,,
S0439A,PIAL,117,3,,,,
S0439A,PIAL,118,2,,,,
S0439A,PIAL,119,0,,,,
S0439A,PIAL,120,1,,,,
S0439A,PIAL,121,0,,,,
S0439A,PIAL,122,1,,,,
S0439A,PIAL,123,1,,,,
S0439A,PIAL,124,0,,,,
S0439A,PIAL,125,2,,,,
S0439A,PIAL,126,0,,,,
S0439A,PIAL,127,0,,,,
S0439A,PIAL,128,0,,,,
S0439A,PIAL,129,1,,,,
S0439A,PIAL,130,2,,,,
S0439A,PIAL,131,0,,,,
S0439A,PIAL,132,0,,,,
S0439A,PIAL,133,1,,,,
S0439A,PIAL,134,1,crack,,,
S0439A,PIAL,135,0,,,,
S0439A,PIAL,136,0,,,,
S0439A,PIAL,137,2,,,,
S0439A,PIAL,138,0,,,,
S0439A,PIAL,139,0,,,,
S0439A,PIAL,140,3,,,,
S0439A,PIAL,141,0,,,,
S0439A,PIAL,142,0,,,,
S0439A,PIAL,143,0,,,,
S0439A,PIAL,144,2,,,,
S0439A,PIAL,145,0,,,,
S0439A,PIAL,146,2,,,,
S0439A,PIAL,147,4,,,,
S0439A,PIAL,148,2,,,,
S0439A,PIAL,149,0,,,,
S0439A,PIAL,150,2,,,,
S0439A,PIAL,151,2,,,,
S0439A,PIAL,152,1,,,,
S0439A,PIAL,153,0,,,,
S0439A,PIAL,154,2,,,,
S0439A,PIAL,155,0,,,,
S0439A,PIAL,156,1,,,,
S0439A,PIAL,157,2,,,,
S0439A,PIAL,158,1,,,,
S0439A,PIAL,159,1,,,,
S0439A,PIAL,160,1,,,,
S0439A,PIAL,161,2,,,,
S0439A,PIAL,162,3,,,,
S0439A,PIAL,163,0,,,,
S0439A,PIAL,164,0,,,,
S0439A,PIAL,165,1,,,,
S0439A,PIAL,166,1,,,,
S0439A,PIAL,167,2,too hard to read due to surface near pith,,,
S04308,PIAL,0,2,,,,
S04308,PIAL,1,1,,,,
S04308,PIAL,2,1,,,,
S04308,PIAL,3,1,,,,
S04308,PIAL,4,1,,,,
S04308,PIAL,5,1,,,,
S04308,PIAL,6,0,,,,
S04308,PIAL,7,1,,,,
S04308,PIAL,8,1,,,,
S04308,PIAL,9,0,,,,
S04308,PIAL,10,0,,,,
S04308,PIAL,11,2,,,,
S04308,PIAL,12,1,,,,
S04308,PIAL,13,3,,,,
S04308,PIAL,14,0,,,,
S04308,PIAL,15,2,,,,
S04308,PIAL,16,4,,,,
S04308,PIAL,17,1,,,,
S04308,PIAL,18,2,,,,
S04308,PIAL,19,1,,,,
S04308,PIAL,20,4,,,,
S04308,PIAL,21,2,,,,
S04308,PIAL,22,1,,,,
S04308,PIAL,23,3,,,,
S04308,PIAL,24,1,,,,
S04308,PIAL,25,0,,,,
S04308,PIAL,26,0,,,,
S04308,PIAL,27,2,,,,
S04308,PIAL,28,0,,,,
S04308,PIAL,29,2,,,,
S04308,PIAL,30,3,,,,
S04308,PIAL,31,3,narrow ring,,,
S04308,PIAL,32,0,narrow ring,,,
S04308,PIAL,33,0,narrow ring,,,
S04308,PIAL,34,4,,,,
S04308,PIAL,35,0,,,,
S04308,PIAL,36,2,,,,
S04308,PIAL,37,3,"one white, one small brown, one large brown",,,
S04308,PIAL,38,0,,,,
S04308,PIAL,39,2,"brown, one very difuse",,,
S04308,PIAL,40,3,"brown, diffuse, one crossing over to previous ring",,,
S04308,PIAL,41,1,,,,
S04308,PIAL,42,2,,,,
S04308,PIAL,43,1,,,,
S04308,PIAL,44,2,,,,
S04308,PIAL,45,0,,,,
S04308,PIAL,46,1,large brown,,,
S04308,PIAL,47,1,big resin smear?,,,
S04308,PIAL,48,2,,,,
S04308,PIAL,49,1,,,,
S04308,PIAL,50,1,narrow ring,,,
S04308,PIAL,51,0,narrow ring,,,
S04308,PIAL,52,3,,,,
S04308,PIAL,53,1,,,,
S04308,PIAL,54,3,,,,
S04308,PIAL,55,3,,,,
S04308,PIAL,56,0,,,,
S04308,PIAL,57,1,,,,
S04308,PIAL,58,1,,,,
S04308,PIAL,59,2,,,,
S04308,PIAL,60,2,,,,
S04308,PIAL,61,0,,,,
S04308,PIAL,62,2,,,,
S04308,PIAL,63,2,"yellow, one very large",,,
S04308,PIAL,64,2,,,,
S04308,PIAL,65,3,,,,
S04308,PIAL,66,3,,,,
S04308,PIAL,67,1,,,,
S04308,PIAL,68,1,,,,
S04308,PIAL,69,1,,,,
S04308,PIAL,70,0,,,,
S04308,PIAL,71,3,,,,
S04308,PIAL,72,0,,,,
S04308,PIAL,73,2,,,,
S04308,PIAL,74,0,,,,
S04308,PIAL,75,1,,,,
S04308,PIAL,76,1,,,,
S04308,PIAL,77,1,,,,
S04308,PIAL,78,2,very narrow rings and blurry--need scope,,,
SEK0101a,PILA,0,0,,,,
SEK0101a,PILA,1,0,,,,
SEK0101a,PILA,2,0,,,,
SEK0101a,PILA,3,0,,,,
SEK0101a,PILA,4,0,,,,
SEK0101a,PILA,5,0,,,,
SEK0101a,PILA,6,0,,,,
SEK0101a,PILA,7,1,,,,
SEK0101a,PILA,8,0,,,,
SEK0101a,PILA,9,0,,,,
SEK0101a,PILA,10,0,,,,
SEK0101a,PILA,11,4,,,,
SEK0101a,PILA,12,0,,,,
SEK0101a,PILA,13,4,,,,
SEK0101a,PILA,14,0,,,,Ducts on the border?
SEK0101a,PILA,15,3,,,,
SEK0101a,PILA,16,2,,,,
SEK0101a,PILA,17,0,,,,
SEK0101a,PILA,18,2,,,,
SEK0101a,PILA,19,1,,,,
SEK0101a,PILA,20,1,,,,
SEK0101a,PILA,21,4,,,,
SEK0101a,PILA,22,4,,,,
SEK0101a,PILA,23,4,,,,
SEK0101a,PILA,24,2,,,,
SEK0101a,PILA,25,2,,,,
SEK0101a,PILA,26,3,,,,
SEK0101a,PILA,27,3,,,,
SEK0101a,PILA,28,4,,,,
SEK0101a,PILA,29,4,,,,
SEK0101a,PILA,30,1,,,,
SEK0101a,PILA,31,2,is this a massive resin duct?,,,
SEK0101a,PILA,32,2,,,,
SEK0101a,PILA,33,3,,,,
SEK0101a,PILA,34,2,,,,
SEK0101a,PILA,35,2,,,,
SEK0101a,PILA,36,2,,,,
SEK0101a,PILA,37,7,,,,
SEK0101a,PILA,38,2,,,,
SEK0101a,PILA,39,1,,,,
SEK0101a,PILA,40,4,,,,
SEK0101a,PILA,41,4,,,,
SEK0101a,PILA,42,2,,,,
SEK0101a,PILA,43,2,,,,
SEK0101a,PILA,44,2,,,,
SEK0101a,PILA,45,6,,,,
SEK0101a,PILA,46,0,,,,
SEK0101a,PILA,47,0,,,,
SEK0101a,PILA,48,4,,,,
SEK0101a,PILA,49,5,,,,
SEK0101a,PILA,50,4,,,,
SEK0101a,PILA,51,4,,,,
SEK0101a,PILA,52,3,,,,
SEK0101a,PILA,53,5,,,,
SEK0101a,PILA,54,5,,,,
SEK0101a,PILA,55,1,,,,
SEK0101a,PILA,56,4,,,,
SEK0101a,PILA,57,3,,,,
SEK0101a,PILA,58,2,,,,
SEK0101a,PILA,59,4,,,,
SEK0101a,PILA,60,6,,,,
SEK0101a,PILA,61,4,,,,
SEK0101a,PILA,62,3,,,,
SEK0101a,PILA,63,4,,,,
SEK0101a,PILA,64,8,,,,
SEK0101a,PILA,65,2,,,,
SEK0101a,PILA,66,4,,,,
SEK0101a,PILA,67,3,,,,
SEK0101a,PILA,68,5,,,,
SEK0101a,PILA,69,4,,,,
SEK0101a,PILA,70,4,,,,
SEK0101a,PILA,71,4,,,,
SEK0101a,PILA,72,2,,,,
SEK0101a,PILA,73,5,,,,
SEK0101a,PILA,74,3,,,,
SEK0101a,PILA,75,3,,,,
SEK0101a,PILA,76,1,,,,
SEK0101a,PILA,77,3,,,,
SEK0101a,PILA,78,2,,,,
SEK0101a,PILA,79,3,,,,
SEK0101a,PILA,80,2,,,,
SEK0101a,PILA,81,5,,,,
SEK0102a,PILA,0,0,,,,
SEK0102a,PILA,1,1,,,,
SEK0102a,PILA,2,0,,,,
SEK0102a,PILA,3,1,,,,
SEK0102a,PILA,4,1,,,,
SEK0102a,PILA,5,1,,,,
SEK0102a,PILA,6,0,narrow ring,,,
SEK0102a,PILA,7,0,narrow ring,,,
SEK0102a,PILA,8,0,narrow ring,,,
SEK0102a,PILA,9,0,,,,
SEK0102a,PILA,10,1,,,,
SEK0102a,PILA,11,0,,,,
SEK0102a,PILA,12,0,,,,
SEK0102a,PILA,13,1,,,,
SEK0102a,PILA,14,0,,,,
SEK0102a,PILA,15,1,,,,
SEK0102a,PILA,16,0,,,,
SEK0102a,PILA,17,3,,,,
SEK0102a,PILA,18,1,,,,
SEK0102a,PILA,19,3,,,,
SEK0102a,PILA,20,1,,,,
SEK0102a,PILA,21,3,,,,
SEK0102a,PILA,22,1,,,,
SEK0102a,PILA,23,3,,,,
SEK0102a,PILA,24,3,,,,
SEK0102a,PILA,25,2,,,,
SEK0102a,PILA,26,3,,,,
SEK0102a,PILA,27,0,,,,
SEK0102a,PILA,28,3,,,,
SEK0102a,PILA,29,1,,,,
SEK0102a,PILA,30,1,,,,
SEK0102a,PILA,31,0,,,,
SEK0102a,PILA,32,3,,,,
SEK0102a,PILA,33,1,,,,
SEK0102a,PILA,34,1,,,,
SEK0102a,PILA,35,1,,,,
SEK0102a,PILA,36,3,,,,
SEK0102a,PILA,37,1,,,,
SEK0102a,PILA,38,1,,,,
SEK0102a,PILA,39,4,,,,
SEK0102a,PILA,40,1,,,,
SEK0102a,PILA,41,1,,,,
SEK0102a,PILA,42,2,,,,
SEK0102a,PILA,43,1,,,,
SEK0102a,PILA,44,0,,,,
SEK0102a,PILA,45,0,,,,
SEK0102a,PILA,46,2,,,,
SEK0102a,PILA,47,1,,,,
SEK0102a,PILA,48,0,,,,
SEK0102a,PILA,49,3,,,,
SEK0102a,PILA,50,3,,,,
SEK0102a,PILA,51,0,,,,
SEK0102a,PILA,52,1,,,,
SEK0102a,PILA,53,1,,,,
SEK0102a,PILA,54,2,,,,
SEK0102a,PILA,55,1,,,,
SEK0102a,PILA,56,0,,,,
SEK0102a,PILA,57,3,,,,
SEK0102a,PILA,58,1,,,,
SEK0102a,PILA,59,0,narrow ring,,,
SEK0102a,PILA,60,0,,,,
SEK0102a,PILA,61,4,,,,
SEK0102a,PILA,62,2,,,,
SEK0102a,PILA,63,4,,,,
SEK0102a,PILA,64,2,,,,
SEK0102a,PILA,65,1,,,,
SEK0102a,PILA,66,2,,,,
SEK0102a,PILA,67,2,,,,
SEK0102a,PILA,68,1,,,,
SEK0102a,PILA,69,4,,,,
SEK0102a,PILA,70,1,,,,
SEK0102a,PILA,71,2,,,,
SEK0102a,PILA,72,3,,,,
SEK0102a,PILA,73,1,,,,
SEK0102a,PILA,74,2,,,,
SEK0102a,PILA,75,2,,,,
SEK0102a,PILA,76,2,,,,
SEK0102a,PILA,77,2,,,,
SEK0102a,PILA,78,4,,,,
SEK0102a,PILA,79,2,,,,
SEK0102a,PILA,80,1,,,,
SEK0102a,PILA,81,2,,,,
SEK0102a,PILA,82,2,,,,
SEK0102a,PILA,83,2,,,,
SEK0102a,PILA,84,3,,,,
SEK0102a,PILA,85,3,,,,
SEK0102a,PILA,86,1,,,,
SEK0102a,PILA,87,2,,,,
SEK0102a,PILA,88,5,,,,
SEK0102a,PILA,89,0,,,,
SEK0102a,PILA,90,2,,,,
SEK0102a,PILA,91,2,,,,
SEK0102a,PILA,92,2,,,,
SEK0102a,PILA,93,3,,,,
SEK0102a,PILA,94,4,,,,
SEK0102a,PILA,95,1,,,,
SEK0102a,PILA,96,0,,,,
SEK0102a,PILA,97,2,,,,
SEK0102a,PILA,98,7,,,,
SEK0102a,PILA,99,2,,,,
SEK0102a,PILA,100,4,,,,
SEK0102a,PILA,101,4,,,,
SEK0102a,PILA,102,1,rings bending near the pith now,,,
SEK0103a,PILA,0,0,,,,
SEK0103a,PILA,1,0,possible faint one at the bottom of the ring?,,,
SEK0103a,PILA,2,0,,,,
SEK0103a,PILA,3,0,,,,
SEK0103a,PILA,4,1,,,,
SEK0103a,PILA,5,0,,,,
SEK0103a,PILA,6,0,,,,
SEK0103a,PILA,7,0,,,,
SEK0103a,PILA,8,0,,,,
SEK0103a,PILA,9,1,super long--not sure if this is a resin duct,,,
SEK0103a,PILA,10,0,,,,
SEK0103a,PILA,11,0,,,,
SEK0103a,PILA,12,1,super long--not sure if this is a resin duct,,,
SEK0103a,PILA,13,0,,,,
SEK0103a,PILA,14,0,,,,
SEK0103a,PILA,15,1,super long--not sure if this is a resin duct,,,
SEK0103a,PILA,16,0,,,,
SEK0103a,PILA,17,0,,,,
SEK0103a,PILA,18,0,,,,
SEK0103a,PILA,19,1,super long--not sure if this is a resin duct,,,
SEK0103a,PILA,20,0,,,,
SEK0103a,PILA,21,0,,,,
SEK0103a,PILA,22,0,,,,
SEK0103a,PILA,23,0,,,,
SEK0103a,PILA,24,0,,,,
SEK0103a,PILA,25,0,,,,
SEK0103a,PILA,26,0,,,,
SEK0103a,PILA,27,0,,,,
SEK0103a,PILA,28,0,,,,
SEK0103a,PILA,29,1,,,,
SEK0103a,PILA,30,0,,,,
SEK0103a,PILA,31,2,1 is super long,,,
SEK0103a,PILA,32,0,,,,
SEK0103a,PILA,33,0,,,,
SEK0103a,PILA,34,1,,,,
SEK0103a,PILA,35,0,,,,
SEK0103a,PILA,36,0,,,,
SEK0103a,PILA,37,0,,,,
SEK0103a,PILA,38,0,,,,
SEK0103a,PILA,39,1,,,,
SEK0103a,PILA,40,0,,,,
SEK0103a,PILA,41,0,,,,
SEK0103a,PILA,42,0,,,,
SEK0103a,PILA,43,2,,,,
SEK0103a,PILA,44,1,,,,
SEK0103a,PILA,45,0,,,,
SEK0103a,PILA,46,2,,,,
SEK0103a,PILA,47,1,,,,
SEK0103a,PILA,48,2,,,,
SEK0103a,PILA,49,0,,,,
SEK0103a,PILA,50,1,,,,
SEK0103a,PILA,51,1,,,,
SEK0103a,PILA,52,2,,,,
SEK0103a,PILA,53,2,,,,
SEK0103a,PILA,54,0,,,,
SEK0103a,PILA,55,1,,,,
SEK0103a,PILA,56,4,,,,
SEK0103a,PILA,57,3,,,,
SEK0103a,PILA,58,1,,,,
SEK0103a,PILA,59,6,,,,
SEK0103a,PILA,60,0,,,,
SEK0103a,PILA,61,4,,,,
SEK0103a,PILA,62,3,,,,
SEK0103a,PILA,63,4,,,,
SEK0103a,PILA,64,3,,,,
SEK0103a,PILA,65,2,,,,
SEK0103a,PILA,66,3,,,,
SEK0103a,PILA,67,5,,,,
SEK0103a,PILA,68,2,,,,
SEK0103a,PILA,69,4,,,,
SEK0103a,PILA,70,5,,,,
SEK0103a,PILA,71,3,,,,
SEK0103a,PILA,72,2,,,,
SEK0103a,PILA,73,7,,,,
SEK0103a,PILA,74,5,,,,
SEK0103a,PILA,75,4,,,,
SEK0103a,PILA,76,2,,,,
SEK0103a,PILA,77,8,,,,
SEK0103a,PILA,78,3,,,,
SEK0103a,PILA,79,5,,,,
SEK0103a,PILA,80,7,,,,
SEK0103a,PILA,81,4,,,,
SEK0103a,PILA,82,6,,,,
SEK0103a,PILA,83,6,,,,
SEK0103a,PILA,84,6,,,,
SEK0103a,PILA,85,7,,,,
SEK0103a,PILA,86,2,,,,
SEK0103a,PILA,87,1,,,,
SEK0103a,PILA,88,4,,,,
SEK0103a,PILA,89,4,,,,
SEK0103a,PILA,90,2,,,,
SEK0103a,PILA,91,5,,,,
SEK0103a,PILA,92,7,,,,
SEK0103a,PILA,93,3,,,,
SEK0103a,PILA,94,1,,,,
SEK0103a,PILA,95,3,,,,
SEK0103a,PILA,96,2,,,,
SEK0103a,PILA,97,2,,,,
SEK0103a,PILA,98,4,,,,
SEK0103a,PILA,99,1,,,,
SEK0103a,PILA,100,1,,,,
SEK0103a,PILA,101,1,small white dots start around here--resin ducts?,,,
SEK0105a,PILA,0,0,,,,
SEK0105a,PILA,1,0,,,,
SEK0105a,PILA,2,1,,,,
SEK0105a,PILA,3,0,,,,
SEK0105a,PILA,4,0,,,,
SEK0105a,PILA,5,1,,,,
SEK0105a,PILA,6,0,very narrow rings ,,,
SEK0105a,PILA,7,0,very narrow rings ,,,
SEK0105a,PILA,8,0,very narrow rings ,,,
SEK0105a,PILA,9,0,very narrow rings ,,,
SEK0105a,PILA,10,0,very narrow rings ,,,
SEK0105a,PILA,11,0,very narrow rings ,,,
SEK0105a,PILA,12,0,very narrow rings ,,,
SEK0105a,PILA,13,1,,,,
SEK0105a,PILA,14,0,,,,
SEK0105a,PILA,15,0,,,,
SEK0105a,PILA,16,0,,,,
SEK0105a,PILA,17,0,,,,
SEK0105a,PILA,18,0,,,,
SEK0105a,PILA,19,1,,,,
SEK0105a,PILA,20,0,,,,
SEK0105a,PILA,21,0,,,,
SEK0105a,PILA,22,2,,,,
SEK0105a,PILA,23,0,,,,
SEK0105a,PILA,24,0,,,,
SEK0105a,PILA,25,1,,,,
SEK0105a,PILA,26,1,,,,
SEK0105a,PILA,27,0,,,,
SEK0105a,PILA,28,0,,,,
SEK0105a,PILA,29,0,,,,
SEK0105a,PILA,30,0,,,,
SEK0105a,PILA,31,1,,,,
SEK0105a,PILA,32,1,,,,
SEK0105a,PILA,33,0,,,,
SEK0105a,PILA,34,1,,,,
SEK0105a,PILA,35,0,,,,
SEK0105a,PILA,36,3,,,,
SEK0105a,PILA,37,0,,,,
SEK0105a,PILA,38,0,,,,
SEK0105a,PILA,39,1,,,,
SEK0105a,PILA,40,2,,,,
SEK0105a,PILA,41,0,,,,
SEK0105a,PILA,42,1,,,,
SEK0105a,PILA,43,0,,,,
SEK0105a,PILA,44,3,,,,
SEK0105a,PILA,45,1,,,,
SEK0105a,PILA,46,2,,,,
SEK0105a,PILA,47,0,,,,
SEK0105a,PILA,48,1,,,,
SEK0105a,PILA,49,0,,,,
SEK0105a,PILA,50,1,,,,
SEK0105a,PILA,51,3,,,,
SEK0105a,PILA,52,1,,,,
SEK0105a,PILA,53,0,,,,
SEK0105a,PILA,54,0,,,,
SEK0105a,PILA,55,0,,,,
SEK0105a,PILA,56,4,,,,
SEK0105a,PILA,57,1,,,,
SEK0105a,PILA,58,0,,,,
SEK0105a,PILA,59,3,,,,
SEK0105a,PILA,60,0,,,,
SEK0105a,PILA,61,0,,,,
SEK0105a,PILA,62,0,,,,
SEK0105a,PILA,63,1,,,,
SEK0105a,PILA,64,1,,,,
SEK0105a,PILA,65,1,,,,
SEK0105a,PILA,66,0,,,,
SEK0105a,PILA,67,1,,,,
SEK0105a,PILA,68,1,,,,
SEK0105a,PILA,69,2,,,,
SEK0105a,PILA,70,4,,,,
SEK0105a,PILA,71,0,,,,
SEK0105a,PILA,72,1,,,,
SEK0105a,PILA,73,1,,,,
SEK0105a,PILA,74,0,,,,
SEK0105a,PILA,75,0,,,,
SEK0105a,PILA,76,1,,,,
SEK0105a,PILA,77,1,,,,
SEK0105a,PILA,78,2,,,,
SEK0105a,PILA,79,2,,,,
SEK0105a,PILA,80,0,,,,
SEK0105a,PILA,81,3,,,,
SEK0105a,PILA,82,0,,,,
SEK0105a,PILA,83,1,,,,
SEK0105a,PILA,84,1,,,,
SEK0105a,PILA,85,1,,,,
SEK0105a,PILA,86,3,,,,
SEK0105a,PILA,87,2,,,,
SEK0105a,PILA,88,2,bending near pith,,,
SEK0106a,PILA,0,2,unclear,,,
SEK0106a,PILA,1,2,,,,
SEK0106a,PILA,2,3,,,,
SEK0106a,PILA,3,4,,,,
SEK0106a,PILA,4,4,,,,
SEK0106a,PILA,5,3,,,,
SEK0106a,PILA,6,3,,,,
SEK0106a,PILA,7,1,,,,
SEK0106a,PILA,8,2,,,,
SEK0106a,PILA,9,2,,,,
SEK0106a,PILA,10,2,,,,
SEK0106a,PILA,11,3,,,,
SEK0106a,PILA,12,3,does one on the border go with this ring or the previous?,,,
SEK0106a,PILA,13,0,,,,
SEK0106a,PILA,14,1,,,,
SEK0106a,PILA,15,2,,,,
SEK0106a,PILA,16,1,,,,
SEK0106a,PILA,17,2,,,,
SEK0106a,PILA,18,0,,,,
SEK0106a,PILA,19,1,,,,
SEK0106a,PILA,20,2,,,,
SEK0106a,PILA,21,0,,,,
SEK0106a,PILA,22,2,,,,
SEK0106a,PILA,23,0,,,,
SEK0106a,PILA,24,1,,,,
SEK0106a,PILA,25,2,,,,
SEK0106a,PILA,26,0,,,,
SEK0106a,PILA,27,1,,,,
SEK0106a,PILA,28,0,,,,
SEK0106a,PILA,29,2,,,,
SEK0106a,PILA,30,2,,,,
SEK0106a,PILA,31,0,,,,
SEK0106a,PILA,32,0,,,,
SEK0106a,PILA,33,1,,,,
SEK0106a,PILA,34,1,,,,
SEK0106a,PILA,35,2,,,,
SEK0106a,PILA,36,0,,,,
SEK0106a,PILA,37,0,,,,
SEK0106a,PILA,38,1,,,,
SEK0106a,PILA,39,0,,,,
SEK0106a,PILA,40,3,,,,
SEK0106a,PILA,41,1,,,,
SEK0106a,PILA,42,0,,,,
SEK0106a,PILA,43,2,,,,
SEK0106a,PILA,44,1,,,,
SEK0106a,PILA,45,0,,,,
SEK0106a,PILA,46,3,,,,
SEK0106a,PILA,47,3,,,,
SEK0106a,PILA,48,1,,,,
SEK0106a,PILA,49,2,,,,
SEK0106a,PILA,50,0,,,,
SEK0106a,PILA,51,2,,,,
SEK0106a,PILA,52,2,,,,
SEK0106a,PILA,53,0,,,,
SEK0106a,PILA,54,4,,,,
SEK0106a,PILA,55,1,,,,
SEK0106a,PILA,56,1,,,,
SEK0106a,PILA,57,3,,,,
SEK0106a,PILA,58,0,,,,
SEK0106a,PILA,59,1,,,,
SEK0106a,PILA,60,1,,,,
SEK0106a,PILA,61,4,,,,
SEK0106a,PILA,62,1,,,,
SEK0106a,PILA,63,1,,,,
SEK0106a,PILA,64,3,,,,
SEK0106a,PILA,65,1,,,,
SEK0106a,PILA,66,3,,,,
SEK0106a,PILA,67,2,,,,
SEK0106a,PILA,68,1,,,,
SEK0106a,PILA,69,5,,,,
SEK0106a,PILA,70,2,,,,
SEK0106a,PILA,71,2,,,,
SEK0106a,PILA,72,1,,,,
SEK0106a,PILA,73,2,,,,
SEK0106a,PILA,74,4,,,,
SEK0106a,PILA,75,4,,,,
SEK0106a,PILA,76,4,,,,
SEK0106a,PILA,77,2,,,,
SEK0106a,PILA,78,3,,,,
SEK0106a,PILA,79,1,,,,
SEK0106a,PILA,80,5,,,,
SEK0106a,PILA,81,2,,,,
SEK0106a,PILA,82,4,,,,
SEK0106a,PILA,83,2,,,,
SEK0106a,PILA,84,6,,,,
SEK0106a,PILA,85,6,,,,
SEK0106a,PILA,86,2,,,,
SEK0106a,PILA,87,4,,,,
SEK0106a,PILA,88,2,,,,
SEK0106a,PILA,89,2,,,,
SEK0106a,PILA,90,3,,,,
SEK0106a,PILA,91,3,starting to get semicurcular reings near the pitch,,,
SEK0107b,PILA,0,1,SEK0107a beginning may be misplaced,,,
SEK0107b,PILA,1,1,,,,
SEK0107b,PILA,2,2,,,,
SEK0107b,PILA,3,1,,,,
SEK0107b,PILA,4,1,,,,
SEK0107b,PILA,5,1,,,,
SEK0107b,PILA,6,0,,,,
SEK0107b,PILA,7,1,,,,
SEK0107b,PILA,8,1,,,,
SEK0107b,PILA,9,5,,,,
SEK0107b,PILA,10,1,,,,
SEK0107b,PILA,11,1,,,,
SEK0107b,PILA,12,2,,,,
SEK0107b,PILA,13,2,,,,
SEK0107b,PILA,14,0,,,,
SEK0107b,PILA,15,2,,,,
SEK0107b,PILA,16,0,,,,
SEK0107b,PILA,17,1,,,,
SEK0107b,PILA,18,1,,,,
SEK0107b,PILA,19,1,,,,
SEK0107b,PILA,20,0,,,,
SEK0107b,PILA,21,2,,,,
SEK0107b,PILA,22,2,,,,
SEK0107b,PILA,23,1,,,,
SEK0107b,PILA,24,1,,,,
SEK0107b,PILA,25,0,,,,
SEK0107b,PILA,26,1,,,,
SEK0107b,PILA,27,1,,,,
SEK0107b,PILA,28,2,,,,
SEK0107b,PILA,29,0,,,,
SEK0107b,PILA,30,2,,,,
SEK0107b,PILA,31,0,,,,
SEK0107b,PILA,32,1,,,,
SEK0107b,PILA,33,2,,,,
SEK0107b,PILA,34,1,,,,
SEK0107b,PILA,35,0,,,,
SEK0107b,PILA,36,1,,,,
SEK0107b,PILA,37,2,,,,
SEK0107b,PILA,38,0,,,,
SEK0107b,PILA,39,0,,,,
SEK0107b,PILA,40,2,,,,
SEK0107b,PILA,41,0,,,,
SEK0107b,PILA,42,2,,,,
SEK0107b,PILA,43,1,,,,
SEK0107b,PILA,44,0,,,,
SEK0107b,PILA,45,3,,,,
SEK0107b,PILA,46,0,,,,
SEK0107b,PILA,47,1,,,,
SEK0107b,PILA,48,0,,,,
SEK0107b,PILA,49,2,,,,
SEK0107b,PILA,50,2,,,,
SEK0107b,PILA,51,1,,,,
SEK0107b,PILA,52,1,,,,
SEK0107b,PILA,53,2,,,,
SEK0107b,PILA,54,2,,,,
SEK0107b,PILA,55,0,,,,
SEK0107b,PILA,56,2,,,,
SEK0107b,PILA,57,0,,,,
SEK0107b,PILA,58,1,,,,
SEK0107b,PILA,59,2,,,,
SEK0107b,PILA,60,2,,,,
SEK0107b,PILA,61,2,,,,
SEK0107b,PILA,62,1,,,,
SEK0107b,PILA,63,2,,,,
SEK0107b,PILA,64,0,,,,
SEK0107b,PILA,65,2,,,,
SEK0107b,PILA,66,2,,,,
SEK0107b,PILA,67,1,,,,
SEK0107b,PILA,68,1,,,,
SEK0107b,PILA,69,3,,,,
SEK0107b,PILA,70,0,,,,
SEK0107b,PILA,71,2,,,,
SEK0107b,PILA,72,3,,,,
SEK0107b,PILA,73,1,,,,
SEK0107b,PILA,74,3,,,,
SEK0107b,PILA,75,1,,,,
SEK0107b,PILA,76,2,,,,
SEK0107b,PILA,77,3,,,,
SEK0107b,PILA,78,2,,,,
SEK0107b,PILA,79,3,,,,
SEK0107b,PILA,80,2,,,,
SEK0107b,PILA,81,3,,,,
SEK0107b,PILA,82,8,,,,
SEK0107b,PILA,83,0,,,,
SEK0107b,PILA,84,4,,,,
SEK0107b,PILA,85,0,,,,
SEK0107b,PILA,86,1,,,,
SEK0107b,PILA,87,4,,,,
SEK0107b,PILA,88,2,,,,
SEK0107b,PILA,89,5,,,,
SEK0107b,PILA,90,4,,,,
SEK0107b,PILA,91,4,,,,
SEK0107b,PILA,92,4,,,,
SEK0107b,PILA,93,4,,,,
SEK0107b,PILA,94,4,,,,
SEK0107b,PILA,95,4,,,,
SEK0107b,PILA,96,6,,,,
SEK0107b,PILA,97,6,,,,
SEK0107b,PILA,98,2,rings very curved near pith,,,
SEK0108a,PILA,0,0,ring partly broken off,,,
SEK0108a,PILA,1,2,crack,,,
SEK0108a,PILA,2,2,,,,
SEK0108a,PILA,3,1,,,,
SEK0108a,PILA,4,5,,,,
SEK0108a,PILA,5,5,,,,
SEK0108a,PILA,6,4,,,,
SEK0108a,PILA,7,1,,,,
SEK0108a,PILA,8,3,,,,
SEK0108a,PILA,9,3,,,,
SEK0108a,PILA,10,2,,,,
SEK0108a,PILA,11,1,,,,
SEK0108a,PILA,12,2,,,,
SEK0108a,PILA,13,3,,,,
SEK0108a,PILA,14,0,,,,
SEK0108a,PILA,15,1,,,,
SEK0108a,PILA,16,2,,,,
SEK0108a,PILA,17,1,,,,
SEK0108a,PILA,18,1,,,,
SEK0108a,PILA,19,1,,,,
SEK0108a,PILA,20,2,,,,
SEK0108a,PILA,21,0,,,,
SEK0108a,PILA,22,2,,,,
SEK0108a,PILA,23,0,,,,
SEK0108a,PILA,24,2,,,,
SEK0108a,PILA,25,0,,,,
SEK0108a,PILA,26,1,,,,
SEK0108a,PILA,27,0,,,,
SEK0108a,PILA,28,2,,,,
SEK0108a,PILA,29,1,,,,
SEK0108a,PILA,30,1,,,,
SEK0108a,PILA,31,0,,,,
SEK0108a,PILA,32,0,,,,
SEK0108a,PILA,33,2,,,,
SEK0108a,PILA,34,0,,,,
SEK0108a,PILA,35,0,big crack,,,
SEK0108a,PILA,36,2,,,,
SEK0108a,PILA,37,2,,,,
SEK0108a,PILA,38,1,,,,
SEK0108a,PILA,39,0,narrow ring,,,
SEK0108a,PILA,40,2,,,,
SEK0108a,PILA,41,1,,,,
SEK0108a,PILA,42,3,,,,
SEK0108a,PILA,43,0,,,,
SEK0108a,PILA,44,1,,,,
SEK0108a,PILA,45,2,,,,
SEK0108a,PILA,46,2,,,,
SEK0108a,PILA,47,0,,,,
SEK0108a,PILA,48,1,,,,
SEK0108a,PILA,49,3,,,,
SEK0108a,PILA,50,0,narrow ring,,,
SEK0108a,PILA,51,1,,,,
SEK0108a,PILA,52,2,,,,
SEK0108a,PILA,53,1,,,,
SEK0108a,PILA,54,1,,,,
SEK0108a,PILA,55,3,,,,
SEK0108a,PILA,56,1,,,,
SEK0108a,PILA,57,4,,,,
SEK0108a,PILA,58,2,,,,
SEK0108a,PILA,59,0,,,,
SEK0108a,PILA,60,3,,,,
SEK0108a,PILA,61,1,,,,
SEK0108a,PILA,62,4,,,,
SEK0108a,PILA,63,1,,,,
SEK0108a,PILA,64,1,,,,
SEK0108a,PILA,65,2,,,,
SEK0108a,PILA,66,2,,,,
SEK0108a,PILA,67,2,,,,
SEK0108a,PILA,68,3,,,,
SEK0108a,PILA,69,3,,,,
SEK0108a,PILA,70,2,,,,
SEK0108a,PILA,71,4,,,,
SEK0108a,PILA,72,0,,,,
SEK0108a,PILA,73,3,,,,
SEK0108a,PILA,74,0,,,,
SEK0108a,PILA,75,3,,,,
SEK0108a,PILA,76,3,,,,
SEK0108a,PILA,77,2,,,,
SEK0108a,PILA,78,1,,,,
SEK0108a,PILA,79,6,,,,
SEK0108a,PILA,80,1,,,,
SEK0108a,PILA,81,8,curved towards the pith,,,
SEK0109a,PILA,0,2,,,,
SEK0109a,PILA,1,3,,,,
SEK0109a,PILA,2,3,,,,
SEK0109a,PILA,3,5,,,,
SEK0109a,PILA,4,3,,,,
SEK0109a,PILA,5,1,,,,
SEK0109a,PILA,6,3,,,,
SEK0109a,PILA,7,3,,,,
SEK0109a,PILA,8,2,,,,
SEK0109a,PILA,9,2,,,,
SEK0109a,PILA,10,2,,,,
SEK0109a,PILA,11,2,,,,
SEK0109a,PILA,12,4,,,,
SEK0109a,PILA,13,3,,,,
SEK0109a,PILA,14,2,,,,
SEK0109a,PILA,15,2,,,,
SEK0109a,PILA,16,2,,,,
SEK0109a,PILA,17,4,,,,
SEK0109a,PILA,18,4,,,,
SEK0109a,PILA,19,3,,,,
SEK0109a,PILA,20,3,,,,
SEK0109a,PILA,21,4,,,,
SEK0109a,PILA,22,1,,,,
SEK0109a,PILA,23,4,,,,
SEK0109a,PILA,24,4,,,,
SEK0109a,PILA,25,4,,,,
SEK0109a,PILA,26,4,,,,
SEK0109a,PILA,27,1,,,,
SEK0109a,PILA,28,2,,,,
SEK0109a,PILA,29,3,,,,
SEK0109a,PILA,30,1,,,,
SEK0109a,PILA,31,0,,,,
SEK0109a,PILA,32,0,,,,
SEK0109a,PILA,33,4,,,,
SEK0109a,PILA,34,1,,,,
SEK0109a,PILA,35,2,,,,
SEK0109a,PILA,36,5,,,,
SEK0109a,PILA,37,3,,,,
SEK0109a,PILA,38,0,,,,
SEK0109a,PILA,39,1,,,,
SEK0109a,PILA,40,2,,,,
SEK0109a,PILA,41,1,,,,
SEK0109a,PILA,42,1,,,,
SEK0109a,PILA,43,4,,,,
SEK0109a,PILA,44,0,,,,
SEK0109a,PILA,45,1,,,,
SEK0109a,PILA,46,1,,,,
SEK0109a,PILA,47,1,,,,
SEK0109a,PILA,48,1,,,,
SEK0109a,PILA,49,0,,,,
SEK0109a,PILA,50,2,,,,
SEK0109a,PILA,51,3,,,,
SEK0109a,PILA,52,0,,,,
SEK0109a,PILA,53,4,,,,
SEK0109a,PILA,54,3,,,,
SEK0109a,PILA,55,1,,,,
SEK0109a,PILA,56,1,,,,
SEK0109a,PILA,57,4,,,,
SEK0109a,PILA,58,0,,,,
SEK0109a,PILA,59,1,,,,
SEK0109a,PILA,60,2,,,,
SEK0109a,PILA,61,1,,,,
SEK0109a,PILA,62,4,,,,
SEK0109a,PILA,63,1,,,,
SEK0109a,PILA,64,1,,,,
SEK0109a,PILA,65,2,,,,
SEK0109a,PILA,66,1,,,,
SEK0109a,PILA,67,1,,,,
SEK0109a,PILA,68,4,,,,
SEK0109a,PILA,69,4,,,,
SEK0109a,PILA,70,1,,,,
SEK0109a,PILA,71,2,,,,
SEK0109a,PILA,72,1,,,,
SEK0109a,PILA,73,3,,,,
SEK0109a,PILA,74,3,,,,
SEK0109a,PILA,75,2,,,,
SEK0109a,PILA,76,2,,,,
SEK0109a,PILA,77,3,,,,
SEK0109a,PILA,78,4,,,,
SEK0109a,PILA,79,2,,,,
SEK0109a,PILA,80,1,,,,
SEK0109a,PILA,81,3,,,,
SEK0109a,PILA,82,3,,,,
SEK0109a,PILA,83,2,,,,
SEK0109a,PILA,84,3,,,,
SEK0109a,PILA,85,0,,,,
SEK0109a,PILA,86,5,,,,
SEK0109a,PILA,87,2,,,,
SEK0109a,PILA,88,4,,,,
SEK0109a,PILA,89,2,,,,
SEK0109a,PILA,90,0,,,,
SEK0109a,PILA,91,1,,,,
SEK0109a,PILA,92,6,,,,
SEK0109a,PILA,93,1,,,,
SEK0109a,PILA,94,1,,,,
SEK0109a,PILA,95,1,,,,
SEK0109a,PILA,96,4,,,,
SEK0109a,PILA,97,2,,,,
SEK0109a,PILA,98,1,,,,
SEK0109a,PILA,99,4,,,,
SEK0109a,PILA,100,3,,,,
SEK0109a,PILA,101,3,,,,
SEK0109a,PILA,102,0,,,,
SEK0109a,PILA,103,5,,,,
SEK0109a,PILA,104,1,,,,
SEK0109a,PILA,105,3,,,,
SEK0109a,PILA,106,3,,,,
SEK0109a,PILA,107,3,,,,
SEK0109a,PILA,108,2,,,,
SEK0109a,PILA,109,3,,,,
SEK0109a,PILA,110,3,,,,
SEK0109a,PILA,111,4,,,,
SEK0109a,PILA,112,4,,,,
SEK0109a,PILA,113,4,,,,
SEK0109a,PILA,114,3,,,,
SEK0109a,PILA,115,3,,,,
SEK0109a,PILA,116,3,,,,
SEK0109a,PILA,117,2,,,,
SEK0109a,PILA,118,5,,,,
SEK0109a,PILA,119,1,,,,
SEK0109a,PILA,120,4,,,,
SEK0109a,PILA,121,2,,,,
SEK0109a,PILA,122,2,,,,
SEK0109a,PILA,123,6,,,,
SEK0109a,PILA,124,4,,,,
SEK0109a,PILA,125,5,,,,
SEK0109a,PILA,126,2,,,,
SEK0109a,PILA,127,6,,,,
SEK0109a,PILA,128,3,,,,
SEK0109a,PILA,129,5,,,,
SEK0109a,PILA,130,3,,,,
SEK0109a,PILA,131,5,,,,
SEK0109a,PILA,132,4,,,,
SEK0109a,PILA,133,4,,,,
SEK0109a,PILA,134,4,,,,
SEK0109a,PILA,135,4,,,,
SEK0109a,PILA,136,6,,,,
SEK0109a,PILA,137,2,bending near end of core,,,
SEK0111a,PILA,0,0,,,,
SEK0111a,PILA,1,2,very hard to tell,,,
SEK0111a,PILA,2,0,,,,
SEK0111a,PILA,3,0,,,,
SEK0111a,PILA,4,0,,,,
SEK0111a,PILA,5,1,,,,
SEK0111a,PILA,6,1,,,,
SEK0111a,PILA,7,1,,,,
SEK0111a,PILA,8,2,,,,
SEK0111a,PILA,9,0,,,,
SEK0111a,PILA,10,0,,,,
SEK0111a,PILA,11,1,,,,
SEK0111a,PILA,12,0,,,,
SEK0111a,PILA,13,0,,,,
SEK0111a,PILA,14,0,,,,
SEK0111a,PILA,15,2,,,,
SEK0111a,PILA,16,0,,,,
SEK0111a,PILA,17,1,,,,
SEK0111a,PILA,18,1,,,,
SEK0111a,PILA,19,1,,,,
SEK0111a,PILA,20,1,,,,
SEK0111a,PILA,21,1,,,,
SEK0111a,PILA,22,0,,,,
SEK0111a,PILA,23,1,,,,
SEK0111a,PILA,24,1,,,,
SEK0111a,PILA,25,0,,,,
SEK0111a,PILA,26,2,broken ring--could be more,,,
SEK0111a,PILA,27,0,,,,
SEK0111a,PILA,28,0,,,,
SEK0111a,PILA,29,0,broken ring--could be more,,,
SEK0111a,PILA,30,0,,,,
SEK0111a,PILA,31,0,,,,
SEK0111a,PILA,32,0,,,,
SEK0111a,PILA,33,2,,,,
SEK0111a,PILA,34,0,,,,
SEK0111a,PILA,35,0,,,,
SEK0111a,PILA,36,2,,,,
SEK0111a,PILA,37,0,,,,
SEK0111a,PILA,38,2,,,,
SEK0111a,PILA,39,1,,,,
SEK0111a,PILA,40,1,,,,
SEK0111a,PILA,41,1,,,,
SEK0111a,PILA,42,1,,,,
SEK0111a,PILA,43,2,,,,
SEK0111a,PILA,44,1,,,,
SEK0111a,PILA,45,1,,,,
SEK0111a,PILA,46,1,,,,
SEK0111a,PILA,47,2,,,,
SEK0111a,PILA,48,0,,,,
SEK0111a,PILA,49,2,color change to color of wood and duct,,,
SEK0111a,PILA,50,2,,,,
SEK0111a,PILA,51,1,,,,
SEK0111a,PILA,52,1,,,,
SEK0111a,PILA,53,0,,,,
SEK0111a,PILA,54,3,,,,
SEK0111a,PILA,55,0,,,,
SEK0111a,PILA,56,1,,,,
SEK0111a,PILA,57,1,,,,
SEK0111a,PILA,58,1,,,,
SEK0111a,PILA,59,1,,,,
SEK0111a,PILA,60,1,,,,
SEK0111a,PILA,61,2,,,,
SEK0111a,PILA,62,1,,,,
SEK0111a,PILA,63,2,,,,
SEK0111a,PILA,64,1,,,,
SEK0111a,PILA,65,2,,,,
SEK0111a,PILA,66,2,,,,
SEK0111a,PILA,67,0,,,,
SEK0111a,PILA,68,2,,,,
SEK0111a,PILA,69,0,,,,
SEK0111a,PILA,70,1,,,,
SEK0111a,PILA,71,2,,,,
SEK0111a,PILA,72,2,,,,
SEK0111a,PILA,73,1,,,,
SEK0111a,PILA,74,3,,,,
SEK0111a,PILA,75,0,,,,
SEK0111a,PILA,76,5,,,,
SEK0111a,PILA,77,1,,,,
SEK0111a,PILA,78,2,,,,
SEK0111a,PILA,79,2,,,,
SEK0111a,PILA,80,1,,,,
SEK0111a,PILA,81,2,,,,
SEK0111a,PILA,82,0,,,,
SEK0111a,PILA,83,2,,,,
SEK0111a,PILA,84,1,,,,
SEK0111a,PILA,85,1,,,,
SEK0111a,PILA,86,0,,,,
SEK0111a,PILA,87,1,,,,
SEK0111a,PILA,88,2,,,,
SEK0111a,PILA,89,1,,,,
SEK0111a,PILA,90,0,,,,
SEK0111a,PILA,91,3,,,,
SEK0111a,PILA,92,1,,,,
SEK0111a,PILA,93,2,,,,
SEK0111a,PILA,94,1,,,,
SEK0111a,PILA,95,3,,,,
SEK0111a,PILA,96,1,,,,
SEK0111a,PILA,97,1,,,,
SEK0111a,PILA,98,2,,,,
SEK0111a,PILA,99,2,,,,
SEK0111a,PILA,100,2,,,,
SEK0111a,PILA,101,3,,,,
SEK0111a,PILA,102,2,,,,
SEK0111a,PILA,103,3,,,,
SEK0111a,PILA,104,1,,,,
SEK0111a,PILA,105,2,,,,
SEK0111a,PILA,106,2,,,,
SEK0111a,PILA,107,1,,,,
SEK0111a,PILA,108,4,,,,
SEK0111a,PILA,109,0,,,,
SEK0111a,PILA,110,2,,,,
SEK0111a,PILA,111,1,,,,
SEK0111a,PILA,112,3,,,,
SEK0111a,PILA,113,2,,,,
SEK0111a,PILA,114,0,starting to bend near pith,,,
SEK0112a,PILA,0,0,,,,
SEK0112a,PILA,1,0,,,,
SEK0112a,PILA,2,1,,,,
SEK0112a,PILA,3,2,,,,
SEK0112a,PILA,4,0,,,,
SEK0112a,PILA,5,2,,,,
SEK0112a,PILA,6,0,,,,
SEK0112a,PILA,7,0,,,,
SEK0112a,PILA,8,0,very narrow ring,,,
SEK0112a,PILA,9,0,,,,
SEK0112a,PILA,10,2,,,,
SEK0113a,PILA,0,4,,,,
SEK0113a,PILA,1,0,,,,
SEK0113a,PILA,2,1,,,,
SEK0113a,PILA,3,1,,,,
SEK0113a,PILA,4,2,,,,
SEK0113a,PILA,5,0,,,,
SEK0113a,PILA,6,0,,,,
SEK0113a,PILA,7,3,,,,
SEK0113a,PILA,8,0,cracked hard to tell,,,
SEK0113a,PILA,9,1,,,,
SEK0113a,PILA,10,4,,,,
SEK0113a,PILA,11,0,,,,
SEK0113a,PILA,12,3,,,,
SEK0113a,PILA,13,1,,,,
SEK0113a,PILA,14,2,,,,
SEK0113a,PILA,15,2,,,,
SEK0113a,PILA,16,1,,,,
SEK0113a,PILA,17,2,,,,
SEK0113a,PILA,18,0,,,,
SEK0113a,PILA,19,1,,,,
SEK0113a,PILA,20,2,,,,
SEK0113a,PILA,21,0,,,,
SEK0113a,PILA,22,2,,,,
SEK0113a,PILA,23,4,,,,
SEK0113a,PILA,24,1,,,,
SEK0113a,PILA,25,1,,,,
SEK0113a,PILA,26,0,,,,
SEK0113a,PILA,27,1,,,,
SEK0113a,PILA,28,0,,,,
SEK0113a,PILA,29,1,,,,
SEK0113a,PILA,30,0,,,,
SEK0113a,PILA,31,0,,,,
SEK0113a,PILA,32,3,,,,
SEK0113a,PILA,33,0,,,,
SEK0113a,PILA,34,1,,,,
SEK0113a,PILA,35,2,,,,
SEK0113a,PILA,36,2,,,,
SEK0113a,PILA,37,0,,,,
SEK0113a,PILA,38,1,,,,
SEK0113a,PILA,39,2,,,,
SEK0113a,PILA,40,4,,,,
SEK0113a,PILA,41,2,,,,
SEK0113a,PILA,42,0,,,,
SEK0113a,PILA,43,2,,,,
SEK0113a,PILA,44,0,,,,
SEK0113a,PILA,45,1,,,,
SEK0113a,PILA,46,0,,,,
SEK0113a,PILA,47,2,,,,
SEK0113a,PILA,48,1,,,,
SEK0113a,PILA,49,0,,,,
SEK0113a,PILA,50,3,,,,
SEK0113a,PILA,51,1,,,,
SEK0113a,PILA,52,0,,,,
SEK0113a,PILA,53,2,,,,
SEK0113a,PILA,54,4,,,,
SEK0113a,PILA,55,1,,,,
SEK0113a,PILA,56,0,,,,
SEK0113a,PILA,57,0,,,,
SEK0113a,PILA,58,3,,,,
SEK0113a,PILA,59,0,,,,
SEK0113a,PILA,60,1,,,,
SEK0113a,PILA,61,2,,,,
SEK0113a,PILA,62,0,,,,
SEK0113a,PILA,63,3,,,,
SEK0113a,PILA,64,0,,,,
SEK0113a,PILA,65,1,,,,
SEK0113a,PILA,66,1,,,,
SEK0113a,PILA,67,3,,,,
SEK0113a,PILA,68,2,,,,
SEK0113a,PILA,69,3,,,,
SEK0113a,PILA,70,0,,,,
SEK0113a,PILA,71,0,,,,
SEK0113a,PILA,72,2,,,,
SEK0113a,PILA,73,2,,,,
SEK0113a,PILA,74,2,,,,
SEK0113a,PILA,75,3,,,,
SEK0113a,PILA,76,3,,,,
SEK0113a,PILA,77,1,,,,
SEK0113a,PILA,78,2,,,,
SEK0113a,PILA,79,2,,,,
SEK0113a,PILA,80,2,,,,
SEK0113a,PILA,81,3,,,,
SEK0113a,PILA,82,1,,,,
SEK0113a,PILA,83,6,,,,
SEK0113a,PILA,84,4,,,,
SEK0113a,PILA,85,3,,,,
SEK0113a,PILA,86,4,,,,
SEK0113a,PILA,87,5,,,,
SEK0113a,PILA,88,1,,,,
SEK0113a,PILA,89,5,,,,
SEK0113a,PILA,90,3,,,,
SEK0113a,PILA,91,3,,,,
SEK0113a,PILA,92,4,,,,
SEK0113a,PILA,93,4,,,,
SEK0113a,PILA,94,4,,,,
SEK0113a,PILA,95,4,,,,
SEK0113a,PILA,96,4,,,,
SEK0113a,PILA,97,4,,,,
SEK0113a,PILA,98,2,,,,
SEK0113a,PILA,99,4,,,,
SEK0113a,PILA,100,3,,,,
SEK0113a,PILA,101,4,,,,
SEK0113a,PILA,102,4,,,,
SEK0113a,PILA,103,6,,,,
SEK0113a,PILA,104,3,bending towards end of core,,,
SEK0114a,PILA,0,2,,,,
SEK0114a,PILA,1,4,,,,
SEK0114a,PILA,2,3,,,,
SEK0114a,PILA,3,1,,,,
SEK0114a,PILA,4,0,,,,
SEK0114a,PILA,5,2,,,,
SEK0114a,PILA,6,0,,,,
SEK0114a,PILA,7,1,,,,
SEK0114a,PILA,8,1,,,,
SEK0114a,PILA,9,1,,,,
SEK0114a,PILA,10,2,,,,
SEK0114a,PILA,11,0,,,,
SEK0114a,PILA,12,3,,,,
SEK0114a,PILA,13,1,,,,
SEK0114a,PILA,14,3,,,,
SEK0114a,PILA,15,2,,,,
SEK0114a,PILA,16,3,,,,
SEK0114a,PILA,17,2,,,,
SEK0114a,PILA,18,1,,,,
SEK0114a,PILA,19,1,,,,
SEK0114a,PILA,20,1,,,,
SEK0114a,PILA,21,3,,,,
SEK0114a,PILA,22,2,,,,
SEK0114a,PILA,23,2,,,,
SEK0114a,PILA,24,3,,,,
SEK0114a,PILA,25,2,,,,
SEK0114a,PILA,26,2,,,,
SEK0114a,PILA,27,4,,,,
SEK0114a,PILA,28,2,,,,
SEK0114a,PILA,29,3,,,,
SEK0114a,PILA,30,0,,,,
SEK0114a,PILA,31,1,,,,
SEK0114a,PILA,32,3,,,,
SEK0114a,PILA,33,4,,,,
SEK0114a,PILA,34,1,,,,
SEK0114a,PILA,35,5,,,,
SEK0114a,PILA,36,2,,,,
SEK0114a,PILA,37,1,,,,
SEK0114a,PILA,38,2,,,,
SEK0114a,PILA,39,0,,,,
SEK0114a,PILA,40,4,,,,
SEK0114a,PILA,41,0,,,,
SEK0114a,PILA,42,3,,,,
SEK0114a,PILA,43,1,,,,
SEK0114a,PILA,44,3,,,,
SEK0114a,PILA,45,5,,,,
SEK0114a,PILA,46,2,,,,
SEK0114a,PILA,47,3,,,,
SEK0114a,PILA,48,1,,,,
SEK0114a,PILA,49,3,,,,
SEK0114a,PILA,50,2,,,,
SEK0114a,PILA,51,3,,,,
SEK0114a,PILA,52,2,,,,
SEK0114a,PILA,53,3,,,,
SEK0114a,PILA,54,2,,,,
SEK0114a,PILA,55,1,,,,
SEK0114a,PILA,56,3,,,,
SEK0114a,PILA,57,1,,,,
SEK0114a,PILA,58,5,,,,
SEK0114a,PILA,59,2,,,,
SEK0114a,PILA,60,5,rings bending a lot,,,
SEK0201,PIMO,0,0,,,,
SEK0201,PIMO,1,0,,,,
SEK0201,PIMO,2,1,,,,
SEK0201,PIMO,3,1,,,,
SEK0201,PIMO,4,0,,,,
SEK0201,PIMO,5,0,very narrow rings in this range,,,
SEK0201,PIMO,6,0,,,,
SEK0201,PIMO,7,0,,,,
SEK0201,PIMO,8,0,,,,
SEK0201,PIMO,9,0,,,,
SEK0201,PIMO,10,4,,,,
SEK0201,PIMO,11,0,,,,
SEK0201,PIMO,12,0,,,,
SEK0201,PIMO,13,0,,,,
SEK0201,PIMO,14,0,,,,
SEK0201,PIMO,15,0,,,,
SEK0201,PIMO,16,0,,,,
SEK0201,PIMO,17,1,,,,
SEK0201,PIMO,18,0,very narrow ring,,,
SEK0201,PIMO,19,0,very narrow ring,,,
SEK0201,PIMO,20,0,very narrow ring,,,
SEK0201,PIMO,21,1,,,,
SEK0201,PIMO,22,0,,,,
SEK0201,PIMO,23,0,,,,
SEK0201,PIMO,24,1,,,,
SEK0201,PIMO,25,1,,,,
SEK0201,PIMO,26,1,,,,
SEK0201,PIMO,27,1,,,,
SEK0201,PIMO,28,1,,,,
SEK0201,PIMO,29,1,,,,
SEK0201,PIMO,30,0,,,,
SEK0201,PIMO,31,2,,,,
SEK0201,PIMO,32,3,,,,
SEK0201,PIMO,33,0,,,,
SEK0201,PIMO,34,0,,,,
SEK0201,PIMO,35,2,,,,
SEK0201,PIMO,36,0,very narrow ring,,,
SEK0201,PIMO,37,1,,,,
SEK0201,PIMO,38,1,,,,
SEK0201,PIMO,39,0,,,,
SEK0201,PIMO,40,0,,,,
SEK0201,PIMO,41,1,,,,
SEK0201,PIMO,42,0,,,,
SEK0201,PIMO,43,1,,,,
SEK0202,PIMO,0,1,,,,
SEK0202,PIMO,1,0,,,,
SEK0202,PIMO,2,0,,,,
SEK0202,PIMO,3,3,,,,
SEK0202,PIMO,4,1,,,,
SEK0202,PIMO,5,0,,,,
SEK0202,PIMO,6,0,,,,
SEK0202,PIMO,7,0,,,,
SEK0202,PIMO,8,0,,,,
SEK0202,PIMO,9,0,,,,
SEK0202,PIMO,10,2,,,,
SEK0202,PIMO,11,0,,,,
SEK0202,PIMO,12,2,,,,
SEK0202,PIMO,13,1,,,,
SEK0202,PIMO,14,1,,,,
SEK0202,PIMO,15,0,,,,
SEK0202,PIMO,16,0,,,,
SEK0202,PIMO,17,1,,,,
SEK0202,PIMO,18,1,,,,
SEK0202,PIMO,19,3,,,,
SEK0202,PIMO,20,0,,,,
SEK0202,PIMO,21,1,,,,
SEK0202,PIMO,22,1,,,,
SEK0202,PIMO,23,1,,,,
SEK0202,PIMO,24,1,,,,
SEK0202,PIMO,25,0,,,,
SEK0202,PIMO,26,2,,,,
SEK0202,PIMO,27,3,,,,
SEK0202,PIMO,28,1,,,,
SEK0202,PIMO,29,2,,,,
SEK0202,PIMO,30,1,,,,
SEK0202,PIMO,31,1,,,,
SEK0202,PIMO,32,1,,,,
SEK0202,PIMO,33,0,,,,
SEK0202,PIMO,34,0,,,,
SEK0202,PIMO,35,1,,,,
SEK0202,PIMO,36,3,,,,
SEK0202,PIMO,37,1,,,,
SEK0202,PIMO,38,1,,,,
SEK0202,PIMO,39,0,,,,
SEK0202,PIMO,40,4,,,,
SEK0202,PIMO,41,3,,,,
SEK0202,PIMO,42,1,,,,
SEK0202,PIMO,43,0,,,,
SEK0202,PIMO,44,2,,,,
SEK0202,PIMO,45,0,,,,
SEK0202,PIMO,46,3,,,,
SEK0202,PIMO,47,4,,,,
SEK0202,PIMO,48,1,,,,
SEK0202,PIMO,49,1,,,,
SEK0202,PIMO,50,1,,,,
SEK0202,PIMO,51,2,,,,
SEK0202,PIMO,52,2,,,,
SEK0202,PIMO,53,5,,,,
SEK0202,PIMO,54,2,,,,
SEK0202,PIMO,55,4,,,,
SEK0202,PIMO,56,5,,,,
SEK0202,PIMO,57,3,,,,
SEK0202,PIMO,58,2,,,,
SEK0202,PIMO,59,3,,,,
SEK0202,PIMO,60,3,,,,
SEK0202,PIMO,61,3,,,,
SEK0202,PIMO,62,1,,,,
SEK0202,PIMO,63,1,,,,
SEK0202,PIMO,64,2,,,,
SEK0202,PIMO,65,2,,,,
SEK0202,PIMO,66,4,,,,
SEK0202,PIMO,67,4,,,,
SEK0202,PIMO,68,2,,,,
SEK0202,PIMO,69,5,,,,
SEK0202,PIMO,70,5,,,,
SEK0202,PIMO,71,0,,,,
SEK0202,PIMO,72,4,,,,
SEK0202,PIMO,73,2,,,,
SEK0202,PIMO,74,8,,,,
SEK0202,PIMO,75,6,,,,
SEK0202,PIMO,76,1,,,,
SEK0202,PIMO,77,8,,,,
SEK0202,PIMO,78,7,,,,
SEK0202,PIMO,79,3,,,,
SEK0202,PIMO,80,2,,,,
SEK0202,PIMO,81,4,,,,
SEK0202,PIMO,82,5,,,,
SEK0202,PIMO,83,6,,,,
SEK0202,PIMO,84,7,,,,
SEK0202,PIMO,85,4,,,,
SEK0202,PIMO,86,5,,,,
SEK0202,PIMO,87,6,,,,
SEK0202,PIMO,88,4,,,,
SEK0202,PIMO,89,5,,,,
SEK0202,PIMO,90,4,,,,
SEK0202,PIMO,91,3,,,,
SEK0202,PIMO,92,8,,,,
SEK0202,PIMO,93,5,,,,
SEK0202,PIMO,94,4,,,,
SEK0202,PIMO,95,7,,,,
SEK0202,PIMO,96,6,,,,
SEK0202,PIMO,97,6,,,,
SEK0202,PIMO,98,7,,,,
SEK0202,PIMO,99,2,,,,
SEK0202,PIMO,100,4,,,,
SEK0202,PIMO,101,3,,,,
SEK0202,PIMO,102,3,,,,
SEK0202,PIMO,103,6,,,,
SEK0202,PIMO,104,5,,,,
SEK0202,PIMO,105,3,broken off after this ring,,,
SEK0203,,0,3,,,,
SEK0203,,1,1,,,,
SEK0203,,2,1,,,,
SEK0203,,3,1,,,,
SEK0203,,4,2,,,,
SEK0203,,5,1,,,,
SEK0203,,6,0,,,,
SEK0203,,7,1,,,,
SEK0203,,8,0,,,,
SEK0203,,9,2,,,,
SEK0203,,10,2,,,,
SEK0203,,11,1,,,,
SEK0203,,12,1,cracked hard to tell,,,
SEK0203,,13,0,,,,
SEK0203,,14,0,,,,
SEK0203,,15,1,,,,
SEK0203,,16,0,,,,
SEK0203,,17,0,,,,
SEK0203,,18,1,,,,
SEK0203,,19,2,,,,
SEK0203,,20,0,,,,
SEK0203,,21,3,,,,
SEK0203,,22,2,,,,
SEK0203,,23,0,,,,
SEK0203,,24,0,,,,
SEK0203,,25,2,,,,
SEK0203,,26,0,,,,
SEK0203,,27,0,,,,
SEK0203,,28,1,,,,
SEK0203,,29,0,,,,
SEK0203,,30,0,,,,
SEK0203,,31,2,,,,
SEK0203,,32,0,,,,
SEK0203,,33,1,,,,
SEK0203,,34,0,,,,
SEK0203,,35,3,,,,
SEK0203,,36,0,,,,
SEK0203,,37,0,,,,
SEK0203,,38,0,,,,
SEK0203,,39,0,,,,
SEK0203,,40,2,,,,
SEK0203,,41,0,,,,
SEK0203,,42,0,,,,
SEK0203,,43,0,,,,
SEK0203,,44,1,,,,
SEK0203,,45,2,,,,
SEK0203,,46,1,,,,
SEK0203,,47,1,,,,
SEK0203,,48,0,,,,
SEK0203,,49,1,,,,
SEK0203,,50,2,,,,
SEK0203,,51,1,,,,
SEK0203,,52,0,,,,
SEK0203,,53,4,,,,
SEK0203,,54,4,,,,
SEK0203,,55,1,,,,
SEK0203,,56,2,,,,
SEK0203,,57,1,,,,
SEK0203,,58,3,,,,
SEK0203,,59,3,,,,
SEK0203,,60,1,,,,
SEK0203,,61,3,,,,
SEK0203,,62,2,,,,
SEK0203,,63,5,,,,
SEK0203,,64,2,,,,
SEK0203,,65,2,,,,
SEK0203,,66,2,,,,
SEK0203,,67,3,,,,
SEK0203,,68,1,,,,
SEK0203,,69,1,,,,
SEK0203,,70,3,,,,
SEK0203,,71,3,,,,
SEK0203,,72,1,,,,
SEK0203,,73,2,,,,
SEK0203,,74,4,,,,
SEK0203,,75,3,,,,
SEK0203,,76,1,,,,
SEK0203,,77,4,,,,
SEK0203,,78,6,,,,
SEK0203,,79,5,,,,
SEK0203,,80,6,,,,
SEK0203,,81,3,,,,
SEK0203,,82,4,end of core--broken off,,,
SEK0205,,0,0,,,,
SEK0205,,1,0,,,,
SEK0205,,2,0,,,,
SEK0205,,3,0,cracked,,,
SEK0205,,4,0,,,,
SEK0205,,5,1,,,,
SEK0205,,6,1,,,,
SEK0205,,7,0,,,,
SEK0205,,8,3,cracked hard to tell,,,
SEK0205,,9,0,,,,
SEK0205,,10,0,,,,
SEK0205,,11,1,,,,
SEK0205,,12,0,,,,
SEK0205,,13,2,,,,
SEK0205,,14,0,,,,
SEK0205,,15,2,,,,
SEK0205,,16,0,,,,
SEK0205,,17,0,,,,
SEK0205,,18,1,,,,
SEK0205,,19,1,,,,
SEK0205,,20,2,,,,
SEK0205,,21,0,,,,
SEK0205,,22,2,,,,
SEK0205,,23,2,,,,
SEK0205,,24,0,,,,
SEK0205,,25,2,,,,
SEK0205,,26,0,,,,
SEK0205,,27,1,,,,
SEK0205,,28,2,,,,
SEK0205,,29,0,,,,
SEK0205,,30,1,,,,
SEK0205,,31,1,,,,
SEK0205,,32,0,,,,
SEK0205,,33,0,,,,
SEK0205,,34,0,,,,
SEK0205,,35,2,,,,
SEK0205,,36,1,,,,
SEK0205,,37,1,,,,
SEK0205,,38,0,,,,
SEK0205,,39,0,,,,
SEK0205,,40,0,,,,
SEK0205,,41,0,,,,
SEK0205,,42,0,,,,
SEK0205,,43,2,,,,
SEK0205,,44,0,,,,
SEK0205,,45,2,,,,
SEK0205,,46,1,,,,
SEK0205,,47,1,,,,
SEK0205,,48,0,wood changes color,,,
SEK0205,,49,1,,,,
SEK0205,,50,1,,,,
SEK0205,,51,2,,,,
SEK0205,,52,1,,,,
SEK0205,,53,1,,,,
SEK0205,,54,2,,,,
SEK0205,,55,5,,,,
SEK0205,,56,0,,,,
SEK0205,,57,2,,,,
SEK0205,,58,5,,,,
SEK0205,,59,2,,,,
SEK0205,,60,3,part of ring missing,,,
SEK0205,,61,0,part of ring missing,,,
SEK0205,,62,4,,,,
SEK0205,,63,3,,,,
SEK0205,,64,3,,,,
SEK0205,,65,3,,,,
SEK0205,,66,4,,,,
SEK0205,,67,4,,,,
SEK0205,,68,3,,,,
SEK0205,,69,2,,,,
SEK0205,,70,3,,,,
SEK0205,,71,2,,,,
SEK0205,,72,1,,,,
SEK0205,,73,2,,,,
SEK0205,,74,2,,,,
SEK0205,,75,1,,,,
SEK0205,,76,2,,,,
SEK0205,,77,2,,,,
SEK0205,,78,0,,,,
SEK0205,,79,3,,,,
SEK0205,,80,1,,,,
SEK0205,,81,3,,,,
SEK0205,,82,1,,,,
SEK0205,,83,2,,,,
SEK0205,,84,0,,,,
SEK0205,,85,3,,,,
SEK0205,,86,4,,,,
SEK0205,,87,1,,,,
SEK0205,,88,2,rings curving near pith,,,
SEK0206,,0,1,hard to tell--ring is nearly broken off,,,
SEK0206,,1,0,,,,
SEK0206,,2,2,,,,
SEK0206,,3,0,,,,
SEK0206,,4,1,,,,
SEK0206,,5,0,,,,
SEK0206,,6,0,,,,
SEK0206,,7,1,,,,
SEK0206,,8,0,very narrow ring,,,
SEK0206,,9,0,,,,
SEK0206,,10,1,,,,
SEK0206,,11,1,,,,
SEK0206,,12,0,,,,
SEK0206,,13,2,,,,
SEK0206,,14,1,,,,
SEK0206,,15,0,,,,
SEK0206,,16,0,,,,
SEK0206,,17,2,,,,
SEK0206,,18,0,,,,
SEK0206,,19,0,,,,
SEK0206,,20,0,,,,
SEK0206,,21,1,,,,
SEK0206,,22,0,,,,
SEK0206,,23,0,,,,
SEK0206,,24,0,,,,
SEK0206,,25,0,,,,
SEK0206,,26,1,,,,
SEK0206,,27,0,,,,
SEK0206,,28,0,,,,
SEK0206,,29,0,,,,
SEK0206,,30,0,,,,
SEK0206,,31,0,,,,
SEK0206,,32,1,,,,
SEK0206,,33,0,,,,
SEK0206,,34,0,,,,
SEK0206,,35,0,,,,
SEK0206,,36,0,,,,
SEK0206,,37,1,,,,
SEK0206,,38,0,,,,
SEK0206,,39,0,,,,
SEK0206,,40,0,,,,
SEK0206,,41,0,,,,
SEK0206,,42,0,,,,
SEK0206,,43,0,,,,
SEK0206,,44,1,,,,
SEK0206,,45,1,,,,
SEK0206,,46,1,,,,
SEK0206,,47,0,,,,
SEK0206,,48,0,,,,
SEK0206,,49,1,,,,
SEK0206,,50,3,,,,
SEK0206,,51,2,,,,
SEK0206,,52,1,,,,
SEK0206,,53,1,,,,
SEK0206,,54,0,,,,
SEK0206,,55,3,,,,
SEK0206,,56,0,,,,
SEK0206,,57,0,,,,
SEK0206,,58,3,,,,
SEK0206,,59,0,,,,
SEK0206,,60,3,,,,
SEK0206,,61,0,,,,
SEK0206,,62,1,,,,
SEK0206,,63,3,,,,
SEK0206,,64,0,,,,
SEK0206,,65,0,,,,
SEK0206,,66,4,,,,
SEK0206,,67,0,,,,
SEK0206,,68,0,,,,
SEK0206,,69,4,,,,
SEK0206,,70,1,,,,
SEK0206,,71,2,,,,
SEK0206,,72,3,,,,
SEK0206,,73,1,,,,
SEK0206,,74,1,,,,
SEK0206,,75,3,,,,
SEK0206,,76,3,,,,
SEK0206,,77,2,,,,
SEK0206,,78,2,,,,
SEK0206,,79,2,,,,
SEK0206,,80,3,,,,
SEK0206,,81,1,,,,
SEK0206,,82,1,,,,
SEK0206,,83,3,,,,
SEK0206,,84,1,,,,
SEK0206,,85,0,,,,
SEK0206,,86,4,,,,
SEK0206,,87,0,,,,
SEK0206,,88,2,,,,
SEK0206,,89,0,,,,
SEK0206,,90,3,,,,
SEK0206,,91,2,,,,
SEK0206,,92,2,,,,
SEK0206,,93,0,,,,
SEK0206,,94,4,,,,
SEK0206,,95,1,,,,
SEK0206,,96,1,At pith,,,
SEK0207,,0,0,,,,
SEK0207,,1,1,,,,
SEK0207,,2,4,,,,
SEK0207,,3,0,narrow ring,,,
SEK0207,,4,0,,,,
SEK0207,,5,0,,,,
SEK0207,,6,2,,,,
SEK0207,,7,1,,,,
SEK0207,,8,0,,,,
SEK0207,,9,1,,,,
SEK0207,,10,3,,,,
SEK0207,,11,0,,,,
SEK0207,,12,1,,,,
SEK0207,,13,1,,,,
SEK0207,,14,0,,,,
SEK0207,,15,2,,,,
SEK0207,,16,2,,,,
SEK0207,,17,0,,,,
SEK0207,,18,3,,,,
SEK0207,,19,0,,,,
SEK0207,,20,0,,,,
SEK0207,,21,0,,,,
SEK0207,,22,1,,,,
SEK0207,,23,1,,,,
SEK0207,,24,5,,,,
SEK0207,,25,0,,,,
SEK0207,,26,1,,,,
SEK0207,,27,2,,,,
SEK0207,,28,2,,,,
SEK0207,,29,2,,,,
SEK0207,,30,4,,,,
SEK0207,,31,1,,,,
SEK0207,,32,3,,,,
SEK0207,,33,0,,,,
SEK0207,,34,1,,,,
SEK0207,,35,0,,,,
SEK0207,,36,0,,,,
SEK0207,,37,1,,,,
SEK0207,,38,1,,,,
SEK0207,,39,2,rings curving near pith,,,
SEK0208,,0,0,,,,
SEK0208,,1,1,,,,
SEK0208,,2,1,chipped,,,
SEK0208,,3,3,,,,
SEK0208,,4,1,,,,
SEK0208,,5,1,,,,
SEK0208,,6,2,,,,
SEK0208,,7,2,,,,
SEK0208,,8,8,,,,
SEK0208,,9,1,,,,
SEK0208,,10,3,,,,
SEK0208,,11,2,,,,
SEK0208,,12,3,,,,
SEK0208,,13,2,,,,
SEK0208,,14,1,,,,
SEK0208,,15,3,,,,
SEK0208,,16,1,,,,
SEK0208,,17,4,,,,
SEK0208,,18,2,,,,
SEK0208,,19,3,,,,
SEK0208,,20,0,unsure,,,
SEK0208,,21,2,cracked,,,
SEK0208,,22,1,,,,
SEK0208,,23,1,,,,
SEK0208,,24,2,,,,
SEK0208,,25,0,,,,
SEK0208,,26,0,,,,
SEK0208,,27,0,,,,
SEK0208,,28,0,,,,
SEK0208,,29,0,,,,
SEK0208,,30,0,,,,
SEK0208,,31,1,,,,
SEK0208,,32,1,,,,
SEK0208,,33,2,,,,
SEK0208,,34,0,,,,
SEK0208,,35,1,,,,
SEK0208,,36,0,chipped,,,
SEK0208,,37,3,,,,
SEK0208,,38,1,,,,
SEK0208,,39,2,,,,
SEK0208,,40,1,,,,
SEK0208,,41,5,,,,
SEK0208,,42,3,,,,
SEK0208,,43,2,,,,
SEK0208,,44,3,,,,
SEK0208,,45,6,,,,
SEK0208,,46,3,,,,
SEK0208,,47,5,,,,
SEK0208,,48,6,,,,
SEK0208,,49,5,,,,
SEK0208,,50,4,,,,
SEK0208,,51,6,,,,
SEK0208,,52,6,,,,
SEK0208,,53,6,,,,
SEK0208,,54,6,,,,
SEK0208,,55,3,,,,
SEK0208,,56,4,,,,
SEK0208,,57,4,,,,
SEK0208,,58,4,,,,
SEK0208,,59,1,crack--hard to tell,,,
SEK0208,,60,4,,,,
SEK0208,,61,6,,,,
SEK0208,,62,2,,,,
SEK0208,,63,5,,,,
SEK0208,,64,2,,,,
SEK0208,,65,2,,,,
SEK0208,,66,3,,,,
SEK0208,,67,5,,,,
SEK0208,,68,6,,,,
SEK0208,,69,5,,,,
SEK0208,,70,1,,,,
SEK0208,,71,2,,,,
SEK0208,,72,0,,,,
SEK0208,,73,0,,,,
SEK0208,,74,1,,,,
SEK0208,,75,2,near pith or whorl,,,
SEK0209,,0,0,,,,
SEK0209,,1,2,,,,
SEK0209,,2,0,,,,
SEK0209,,3,2,,,,
SEK0209,,4,0,,,,
SEK0209,,5,0,,,,
SEK0209,,6,0,,,,
SEK0209,,7,0,,,,
SEK0209,,8,0,,,,
SEK0209,,9,0,,,,
SEK0209,,10,0,,,,
SEK0209,,11,0,,,,
SEK0209,,12,0,,,,
SEK0209,,13,0,,,,
SEK0209,,14,0,,,,
SEK0209,,15,0,,,,
SEK0209,,16,1,,,,
SEK0209,,17,2,,,,
SEK0209,,18,2,,,,
SEK0209,,19,1,,,,
SEK0209,,20,0,,,,
SEK0209,,21,2,,,,
SEK0209,,22,1,,,,
SEK0209,,23,3,,,,
SEK0209,,24,2,,,,
SEK0209,,25,1,,,,
SEK0209,,26,2,chipped at top,,,
SEK0209,,27,3,,,,
SEK0209,,28,2,,,,
SEK0209,,29,4,,,,
SEK0209,,30,3,,,,
SEK0209,,31,2,,,,
SEK0209,,32,1,,,,
SEK0209,,33,1,,,,
SEK0209,,34,2,,,,
SEK0209,,35,3,,,,
SEK0209,,36,1,,,,
SEK0209,,37,2,,,,
SEK0209,,38,5,,,,
SEK0209,,39,2,chipped,,,
SEK0209,,40,4,,,,
SEK0209,,41,3,,,,
SEK0209,,42,1,,,,
SEK0209,,43,2,,,,
SEK0209,,44,5,,,,
SEK0209,,45,2,,,,
SEK0209,,46,2,,,,
SEK0209,,47,2,,,,
SEK0209,,48,4,,,,
SEK0209,,49,2,,,,
SEK0209,,50,5,,,,
SEK0209,,51,4,,,,
SEK0209,,52,3,,,,
SEK0209,,53,3,,,,
SEK0209,,54,3,,,,
SEK0209,,55,5,,,,
SEK0209,,56,3,,,,
SEK0209,,57,4,,,,
SEK0209,,58,3,,,,
SEK0209,,59,6,,,,
SEK0209,,60,3,,,,
SEK0209,,61,3,,,,
SEK0209,,62,3,,,,
SEK0209,,63,4,,,,
SEK0209,,64,6,,,,
SEK0209,,65,5,,,,
SEK0209,,66,8,,,,
SEK0209,,67,4,,,,
SEK0209,,68,5,,,,
SEK0209,,69,8,,,,
SEK0209,,70,8,,,,
SEK0209,,71,5,,,,
SEK0209,,72,8,,,,
SEK0209,,73,6,,,,
SEK0209,,74,8,,,,
SEK0209,,75,7,,,,
SEK0209,,76,4,,,,
SEK0209,,77,5,,,,
SEK0209,,78,8,,,,
SEK0209,,79,7,,,,
SEK0209,,80,6,,,,
SEK0209,,81,7,,,,
SEK0209,,82,5,,,,
SEK0209,,83,8,,,,
SEK0209,,84,6,,,,
SEK0209,,85,7,,,,
SEK0209,,86,9,,,,
SEK0209,,87,9,,,,
SEK0209,,88,7,,,,
SEK0209,,89,5,,,,
SEK0209,,90,4,,,,
SEK0209,,91,8,,,,
SEK0209,,92,5,curved near pith,,,
SEK0210a,PILA,0,0,very broken core--probably not usable for final analysis,,,
SEK0210a,PILA,1,3,,,,
SEK0210a,PILA,2,4,,,,
SEK0210a,PILA,3,5,,,,
SEK0210a,PILA,4,3,,,,
SEK0210a,PILA,5,10,,,,
SEK0210a,PILA,6,8,,,,
SEK0210a,PILA,7,4,,,,
SEK0211,,0,0,,,,
SEK0211,,1,0,,,,
SEK0211,,2,1,,,,
SEK0211,,3,0,,,,
SEK0211,,4,1,,,,
SEK0211,,5,0,,,,
SEK0211,,6,0,,,,
SEK0211,,7,2,,,,
SEK0211,,8,2,,,,
SEK0211,,9,1,,,,
SEK0211,,10,0,,,,
SEK0211,,11,2,,,,
SEK0211,,12,0,,,,
SEK0211,,13,0,,,,
SEK0211,,14,0,,,,
SEK0211,,15,2,,,,
SEK0211,,16,0,,,,
SEK0211,,17,0,,,,
SEK0211,,18,1,,,,
SEK0211,,19,0,,,,
SEK0211,,20,1,,,,
SEK0211,,21,1,,,,
SEK0211,,22,1,,,,
SEK0211,,23,0,,,,
SEK0211,,24,0,,,,
SEK0211,,25,0,,,,
SEK0211,,26,0,,,,
SEK0211,,27,2,,,,
SEK0211,,28,0,,,,
SEK0211,,29,1,,,,
SEK0211,,30,0,,,,
SEK0211,,31,0,,,,
SEK0211,,32,1,,,,
SEK0211,,33,0,,,,
SEK0211,,34,0,,,,
SEK0211,,35,1,,,,
SEK0211,,36,1,,,,
SEK0211,,37,1,,,,
SEK0211,,38,0,,,,
SEK0211,,39,1,,,,
SEK0211,,40,1,,,,
SEK0211,,41,3,,,,
SEK0211,,42,1,,,,
SEK0211,,43,0,,,,
SEK0211,,44,0,,,,
SEK0211,,45,1,,,,
SEK0211,,46,0,,,,
SEK0211,,47,1,,,,
SEK0211,,48,1,,,,
SEK0211,,49,0,,,,
SEK0211,,50,0,,,,
SEK0211,,51,1,,,,
SEK0211,,52,1,,,,
SEK0211,,53,0,,,,
SEK0211,,54,3,,,,
SEK0211,,55,0,,,,
SEK0211,,56,1,,,,
SEK0211,,57,1,,,,
SEK0211,,58,0,,,,
SEK0211,,59,1,,,,
SEK0211,,60,1,,,,
SEK0211,,61,1,,,,
SEK0211,,62,0,,,,
SEK0211,,63,2,,,,
SEK0211,,64,1,,,,
SEK0211,,65,1,,,,
SEK0211,,66,3,,,,
SEK0211,,67,0,,,,
SEK0211,,68,0,,,,
SEK0211,,69,3,,,,
SEK0211,,70,2,,,,
SEK0211,,71,2,,,,
SEK0211,,72,3,,,,
SEK0211,,73,0,,,,
SEK0211,,74,1,,,,
SEK0211,,75,3,,,,
SEK0211,,76,2,,,,
SEK0211,,77,4,,,,
SEK0211,,78,4,,,,
SEK0211,,79,2,,,,
SEK0211,,80,5,,,,
SEK0211,,81,3,,,,
SEK0211,,82,1,,,,
SEK0211,,83,1,,,,
SEK0211,,84,2,,,,
SEK0211,,85,2,,,,
SEK0211,,86,3,,,,
SEK0211,,87,2,,,,
SEK0211,,88,2,,,,
SEK0211,,89,1,,,,
SEK0211,,90,1,,,,
SEK0211,,91,1,,,,
SEK0211,,92,0,,,,
SEK0211,,93,2,,,,
SEK0211,,94,0,,,,
SEK0211,,95,3,,,,
SEK0211,,96,1,,,,
SEK0211,,97,0,,,,
SEK0211,,98,2,,,,
SEK0211,,99,3,,,,
SEK0211,,100,0,,,,
SEK0211,,101,0,,,,
SEK0211,,102,0,,,,
SEK0211,,103,0,,,,
SEK0211,,104,0,,,,
SEK0211,,105,0,,,,
SEK0211,,106,2,,,,
SEK0211,,107,0,end of core,,,
SEK0212,,0,1,,,,
SEK0212,,1,2,,,,
SEK0212,,2,2,,,,
SEK0212,,3,0,,,,
SEK0212,,4,2,,,,
SEK0212,,5,3,,,,
SEK0212,,6,3,,,,
SEK0212,,7,2,,,,
SEK0212,,8,2,,,,
SEK0212,,9,2,,,,
SEK0212,,10,2,,,,
SEK0212,,11,1,,,,
SEK0212,,12,2,,,,
SEK0212,,13,1,,,,
SEK0212,,14,3,,,,
SEK0212,,15,3,,,,
SEK0212,,16,1,,,,
SEK0212,,17,4,,,,
SEK0212,,18,2,,,,
SEK0212,,19,2,,,,
SEK0212,,20,4,,,,
SEK0212,,21,4,,,,
SEK0212,,22,3,,,,
SEK0212,,23,3,,,,
SEK0212,,24,3,,,,
SEK0212,,25,3,,,,
SEK0212,,26,2,,,,
SEK0212,,27,1,,,,
SEK0212,,28,4,,,,
SEK0212,,29,3,,,,
SEK0212,,30,3,,,,
SEK0212,,31,1,,,,
SEK0212,,32,6,,,,
SEK0212,,33,1,,,,
SEK0212,,34,4,,,,
SEK0212,,35,2,,,,
SEK0212,,36,6,,,,
SEK0212,,37,2,,,,
SEK0212,,38,4,,,,
SEK0212,,39,3,,,,
SEK0212,,40,4,,,,
SEK0212,,41,5,,,,
SEK0212,,42,8,,,,
SEK0212,,43,4,,,,
SEK0212,,44,2,,,,
SEK0212,,45,5,,,,
SEK0212,,46,7,,,,
SEK0212,,47,3,,,,
SEK0212,,48,5,,,,
SEK0212,,49,3,,,,
SEK0212,,50,5,,,,
SEK0212,,51,8,,,,
SEK0212,,52,6,,,,
SEK0212,,53,5,,,,
SEK0212,,54,5,,,,
SEK0212,,55,4,,,,
SEK0212,,56,5,,,,
SEK0212,,57,7,,,,
SEK0212,,58,3,,,,
SEK0212,,59,5,,,,
SEK0212,,60,5,,,,
SEK0212,,61,6,,,,
SEK0212,,62,5,,,,
SEK0212,,63,5,,,,
SEK0212,,64,5,,,,
SEK0212,,65,8,,,,
SEK0212,,66,8,,,,
SEK0212,,67,4,,,,
SEK0212,,68,7,,,,
SEK0212,,69,7,,,,
SEK0212,,70,7,,,,
SEK0212,,71,5,,,,
SEK0212,,72,6,,,,
SEK0212,,73,6,,,,
SEK0212,,74,6,,,,
SEK0212,,75,3,,,,
SEK0212,,76,5,,,,
SEK0212,,77,7,,,,
SEK0212,,78,6,,,,
SEK0212,,79,8,,,,
SEK0212,,80,5,end of core,,,
SEK0213,,0,3,,,,
SEK0213,,1,1,,,,
SEK0213,,2,1,,,,
SEK0213,,3,3,,,,
SEK0213,,4,3,,,,
SEK0213,,5,2,,,,
SEK0213,,6,2,,,,
SEK0213,,7,2,,,,
SEK0213,,8,2,,,,
SEK0213,,9,1,,,,
SEK0213,,10,1,,,,
SEK0213,,11,0,,,,
SEK0213,,12,2,,,,
SEK0213,,13,0,,,,
SEK0213,,14,1,,,,
SEK0213,,15,1,,,,
SEK0213,,16,0,,,,
SEK0213,,17,0,,,,
SEK0213,,18,1,,,,
SEK0213,,19,1,,,,
SEK0213,,20,2,,,,
SEK0213,,21,2,,,,
SEK0213,,22,0,,,,
SEK0213,,23,0,,,,
SEK0213,,24,1,,,,
SEK0213,,25,1,,,,
SEK0213,,26,0,,,,
SEK0213,,27,1,,,,
SEK0213,,28,0,,,,
SEK0213,,29,1,,,,
SEK0213,,30,2,,,,
SEK0213,,31,0,,,,
SEK0213,,32,0,,,,
SEK0213,,33,1,,,,
SEK0213,,34,2,,,,
SEK0213,,35,0,,,,
SEK0213,,36,2,,,,
SEK0213,,37,3,,,,
SEK0213,,38,0,,,,
SEK0213,,39,4,,,,
SEK0213,,40,1,,,,
SEK0213,,41,1,,,,
SEK0213,,42,4,,,,
SEK0213,,43,2,,,,
SEK0213,,44,1,,,,
SEK0213,,45,3,,,,
SEK0213,,46,5,,,,
SEK0213,,47,4,,,,
SEK0213,,48,5,total guess-resin smear,,,
SEK0213,,49,2,,,,
SEK0213,,50,4,,,,
SEK0213,,51,3,,,,
SEK0213,,52,6,,,,
SEK0213,,53,2,,,,
SEK0213,,54,5,,,,
SEK0213,,55,3,,,,
SEK0213,,56,6,,,,
SEK0213,,57,5,,,,
SEK0213,,58,3,curving towards pith,,,
SEK0214,,0,1,,,,
SEK0214,,1,3,,,,
SEK0214,,2,2,,,,
SEK0214,,3,2,,,,
SEK0214,,4,0,,,,
SEK0214,,5,1,,,,
SEK0214,,6,2,,,,
SEK0214,,7,1,,,,
SEK0214,,8,1,,,,
SEK0214,,9,1,,,,
SEK0214,,10,1,,,,
SEK0214,,11,0,,,,
SEK0214,,12,1,,,,
SEK0214,,13,0,,,,
SEK0214,,14,2,,,,
SEK0214,,15,2,,,,
SEK0214,,16,0,,,,
SEK0214,,17,0,,,,
SEK0214,,18,2,,,,
SEK0214,,19,2,,,,
SEK0214,,20,0,,,,
SEK0214,,21,1,,,,
SEK0214,,22,1,,,,
SEK0214,,23,0,,,,
SEK0214,,24,1,,,,
SEK0214,,25,0,,,,
SEK0214,,26,1,,,,
SEK0214,,27,1,,,,
SEK0214,,28,2,,,,
SEK0214,,29,1,,,,
SEK0214,,30,0,,,,
SEK0214,,31,3,,,,
SEK0214,,32,1,,,,
SEK0214,,33,1,,,,
SEK0214,,34,0,,,,
SEK0214,,35,0,,,,
SEK0214,,36,4,,,,
SEK0214,,37,5,,,,
SEK0214,,38,1,,,,
SEK0214,,39,2,,,,
SEK0214,,40,1,,,,
SEK0214,,41,3,,,,
SEK0214,,42,1,,,,
SEK0214,,43,1,,,,
SEK0214,,44,1,,,,
SEK0214,,45,0,,,,
SEK0214,,46,3,,,,
SEK0214,,47,0,,,,
SEK0214,,48,1,,,,
SEK0214,,49,1,,,,
SEK0214,,50,1,,,,
SEK0214,,51,0,,,,
SEK0214,,52,2,,,,
SEK0214,,53,1,,,,
SEK0214,,54,2,,,,
SEK0214,,55,2,,,,
SEK0214,,56,1,,,,
SEK0214,,57,1,,,,
SEK0214,,58,3,,,,
SEK0214,,59,1,,,,
SEK0214,,60,0,,,,
SEK0214,,61,4,,,,
SEK0214,,62,0,,,,
SEK0214,,63,4,,,,
SEK0214,,64,1,,,,
SEK0214,,65,0,,,,
SEK0214,,66,2,,,,
SEK0214,,67,2,,,,
SEK0214,,68,2,,,,
SEK0214,,69,5,,,,
SEK0214,,70,1,,,,
SEK0214,,71,3,,,,
SEK0214,,72,2,,,,
SEK0214,,73,2,,,,
SEK0214,,74,1,,,,
SEK0214,,75,2,,,,
SEK0214,,76,2,,,,
SEK0214,,77,0,,,,
SEK0214,,78,5,,,,
SEK0214,,79,0,,,,
SEK0214,,80,1,,,,
SEK0214,,81,4,,,,
SEK0214,,82,3,,,,
SEK0214,,83,1,,,,
SEK0214,,84,3,,,,
SEK0214,,85,4,,,,
SEK0214,,86,0,,,,
SEK0214,,87,1,,,,
SEK0214,,88,0,,,,
SEK0214,,89,3,,,,
SEK0214,,90,1,,,,
SEK0214,,91,2,,,,
SEK0214,,92,1,,,,
SEK0214,,93,0,,,,
SEK0214,,94,2,,,,
SEK0214,,95,2,,,,
SEK0214,,96,2,,,,
SEK0214,,97,0,,,,
SEK0214,,98,1,,,,
SEK0214,,99,1,,,,
SEK0214,,100,1,,,,
SEK0214,,101,1,,,,
SEK0214,,102,4,,,,
SEK0214,,103,2,,,,
SEK0214,,104,0,prominent dark line and curving ,,,
SEK0215,,0,2,,,,
SEK0215,,1,3,,,,
SEK0215,,2,0,,,,
SEK0215,,3,1,,,,
SEK0215,,4,1,,,,
SEK0215,,5,1,,,,
SEK0215,,6,0,,,,
SEK0215,,7,2,,,,
SEK0215,,8,1,,,,
SEK0215,,9,1,,,,
SEK0215,,10,0,,,,
SEK0215,,11,2,,,,
SEK0215,,12,4,,,,
SEK0215,,13,2,,,,
SEK0215,,14,4,,,,
SEK0215,,15,2,,,,
SEK0215,,16,3,,,,
SEK0215,,17,4,,,,
SEK0215,,18,5,,,,
SEK0215,,19,3,,,,
SEK0215,,20,6,,,,
SEK0215,,21,3,,,,
SEK0215,,22,5,,,,
SEK0215,,23,3,,,,
SEK0215,,24,4,,,,
SEK0215,,25,5,,,,
SEK0215,,26,9,,,,
SEK0215,,27,4,,,,
SEK0215,,28,5,,,,
SEK0215,,29,1,,,,
SEK0215,,30,4,,,,
SEK0215,,31,2,,,,
SEK0215,,32,1,,,,
SEK0215,,33,2,,,,
SEK0215,,34,0,,,,
SEK0215,,35,0,,,,
SEK0215,,36,0,,,,
SEK0215,,37,1,,,,
SEK0215,,38,2,,,,
SEK0215,,39,2,,,,
SEK0215,,40,2,,,,
SEK0215,,41,3,,,,
SEK0215,,42,6,,,,
SEK0215,,43,7,,,,
SEK0215,,44,2,,,,
SEK0215,,45,1,,,,
SEK0215,,46,0,end of core,,,
SEK0216,PICO?,0,3,,,,
SEK0216,PICO?,1,1,,,,
SEK0216,PICO?,2,1,,,,
SEK0216,PICO?,3,4,,,,
SEK0216,PICO?,4,3,,,,
SEK0216,PICO?,5,1,,,,
SEK0216,PICO?,6,1,,,,
SEK0216,PICO?,7,3,,,,
SEK0216,PICO?,8,3,,,,
SEK0216,PICO?,9,0,,,,
SEK0216,PICO?,10,1,,,,
SEK0216,PICO?,11,0,,,,
SEK0216,PICO?,12,1,,,,
SEK0216,PICO?,13,2,,,,
SEK0216,PICO?,14,1,,,,
SEK0216,PICO?,15,2,,,,
SEK0216,PICO?,16,1,,,,
SEK0216,PICO?,17,1,,,,
SEK0216,PICO?,18,2,,,,
SEK0216,PICO?,19,0,,,,
SEK0216,PICO?,20,0,,,,
SEK0216,PICO?,21,1,,,,
SEK0216,PICO?,22,3,,,,
SEK0216,PICO?,23,0,,,,
SEK0216,PICO?,24,0,,,,
SEK0216,PICO?,25,1,,,,
SEK0216,PICO?,26,2,,,,
SEK0216,PICO?,27,1,,,,
SEK0216,PICO?,28,0,,,,
SEK0216,PICO?,29,1,,,,
SEK0216,PICO?,30,1,,,,
SEK0216,PICO?,31,0,,,,
SEK0216,PICO?,32,0,,,,
SEK0216,PICO?,33,1,,,,
SEK0216,PICO?,34,3,,,,
SEK0216,PICO?,35,3,,,,
SEK0216,PICO?,36,0,,,,
SEK0216,PICO?,37,0,,,,
SEK0216,PICO?,38,2,,,,
SEK0216,PICO?,39,1,,,,
SEK0216,PICO?,40,2,,,,
SEK0216,PICO?,41,0,,,,
SEK0216,PICO?,42,2,,,,
SEK0216,PICO?,43,2,,,,
SEK0216,PICO?,44,0,,,,
SEK0216,PICO?,45,1,,,,
SEK0216,PICO?,46,1,,,,
SEK0216,PICO?,47,2,,,,
SEK0216,PICO?,48,0,,,,
SEK0216,PICO?,49,1,,,,
SEK0216,PICO?,50,0,,,,
SEK0216,PICO?,51,0,,,,
SEK0216,PICO?,52,3,,,,
SEK0216,PICO?,53,2,,,,
SEK0216,PICO?,54,0,,,,
SEK0216,PICO?,55,0,,,,
SEK0216,PICO?,56,1,,,,
SEK0216,PICO?,57,2,,,,
SEK0216,PICO?,58,0,,,,
SEK0216,PICO?,59,1,,,,
SEK0216,PICO?,60,3,,,,
SEK0216,PICO?,61,0,,,,
SEK0216,PICO?,62,1,,,,
SEK0216,PICO?,63,2,,,,
SEK0216,PICO?,64,1,,,,
SEK0216,PICO?,65,1,,,,
SEK0216,PICO?,66,4,,,,
SEK0216,PICO?,67,0,,,,
SEK0216,PICO?,68,1,,,,
SEK0216,PICO?,69,0,,,,
SEK0216,PICO?,70,0,,,,
SEK0216,PICO?,71,2,,,,
SEK0216,PICO?,72,3,,,,
SEK0216,PICO?,73,1,,,,
SEK0216,PICO?,74,0,,,,
SEK0216,PICO?,75,1,,,,
SEK0216,PICO?,76,1,,,,
SEK0216,PICO?,77,1,,,,
SEK0216,PICO?,78,2,,,,
SEK0216,PICO?,79,2,,,,
SEK0216,PICO?,80,0,,,,
SEK0216,PICO?,81,1,,,,
SEK0216,PICO?,82,0,,,,
SEK0216,PICO?,83,2,,,,
SEK0216,PICO?,84,3,,,,
SEK0216,PICO?,85,2,,,,
SEK0216,PICO?,86,0,,,,
SEK0216,PICO?,87,1,,,,
SEK0216,PICO?,88,4,,,,
SEK0216,PICO?,89,0,,,,
SEK0216,PICO?,90,1,,,,
SEK0216,PICO?,91,3,,,,
SEK0216,PICO?,92,2,,,,
SEK0216,PICO?,93,2,,,,
SEK0216,PICO?,94,0,,,,
SEK0216,PICO?,95,2,,,,
SEK0216,PICO?,96,1,,,,
SEK0216,PICO?,97,1,,,,
SEK0216,PICO?,98,1,,,,
SEK0216,PICO?,99,2,,,,
SEK0216,PICO?,100,3,,,,
SEK0216,PICO?,101,2,,,,
SEK0216,PICO?,102,0,,,,
SEK0216,PICO?,103,1,,,,
SEK0216,PICO?,104,1,strange whorl near pith,,,
SEK0217a,,0,0,,,,
SEK0217a,,1,0,,,,
SEK0217a,,2,1,,,,
SEK0217a,,3,1,,,,
SEK0217a,,4,0,,,,
SEK0217a,,5,2,,,,
SEK0217a,,6,1,,,,
SEK0217a,,7,0,,,,
SEK0217a,,8,3,,,,
SEK0217a,,9,2,,,,
SEK0217a,,10,0,,,,
SEK0217a,,11,0,,,,
SEK0217a,,12,1,,,,
SEK0217a,,13,2,,,,
SEK0217a,,14,2,,,,
SEK0217a,,15,0,,,,
SEK0217a,,16,2,,,,
SEK0217a,,17,0,,,,
SEK0217a,,18,2,,,,
SEK0217a,,19,1,,,,
SEK0217a,,20,2,,,,
SEK0217a,,21,0,,,,
SEK0217a,,22,0,,,,
SEK0217a,,23,1,,,,
SEK0217a,,24,3,not sure about one on ring border,,,
SEK0217a,,25,1,,,,
SEK0217a,,26,3,,,,
SEK0217a,,27,2,,,,
SEK0217a,,28,1,,,,
SEK0217a,,29,4,,,,
SEK0217a,,30,2,,,,
SEK0217a,,31,1,,,,
SEK0217a,,32,3,,,,
SEK0217a,,33,1,,,,
SEK0217a,,34,1,,,,
SEK0217a,,35,1,,,,
SEK0217a,,36,2,,,,
SEK0217a,,37,1,,,,
SEK0217a,,38,1,,,,
SEK0217a,,39,1,,,,
SEK0217a,,40,3,,,,
SEK0217a,,41,3,,,,
SEK0217a,,42,1,,,,
SEK0217a,,43,2,,,,
SEK0217a,,44,4,,,,
SEK0217a,,45,0,,,,
SEK0217a,,46,1,,,,
SEK0217a,,47,5,,,,
SEK0217a,,48,2,approaching end of core and scar,,,
SEK0217b,,0,0,,,,
SEK0217b,,1,0,,,,
SEK0217b,,2,0,,,,
SEK0217b,,3,0,,,,
SEK0217b,,4,1,,,,
SEK0217b,,5,0,,,,
SEK0217b,,6,1,,,,
SEK0217b,,7,3,"2 yellow, one tiny white one?",,,
SEK0217b,,8,0,,,,
SEK0217b,,9,0,,,,
SEK0217b,,10,1,,,,
SEK0217b,,11,1,,,,
SEK0217b,,12,1,,,,
SEK0217b,,13,1,,,,
SEK0217b,,14,0,,,,
SEK0217b,,15,0,,,,
SEK0217b,,16,0,,,,
SEK0217b,,17,0,,,,
SEK0217b,,18,0,,,,
SEK0217b,,19,0,,,,
SEK0217b,,20,2,,,,
SEK0217b,,21,1,,,,
SEK0217b,,22,2,,,,
SEK0217b,,23,0,,,,
SEK0217b,,24,2,,,,
SEK0217b,,25,1,,,,
SEK0217b,,26,1,,,,
SEK0217b,,27,1,,,,
SEK0217b,,28,1,,,,
SEK0217b,,29,3,,,,
SEK0217b,,30,0,,,,
SEK0217b,,31,2,,,,
SEK0217b,,32,1,,,,
SEK0217b,,33,2,,,,
SEK0217b,,34,1,,,,
SEK0217b,,35,3,,,,
SEK0217b,,36,3,,,,
SEK0217b,,37,1,,,,
SEK0217b,,38,1,,,,
SEK0217b,,39,1,,,,
SEK0217b,,40,5,,,,
SEK0217b,,41,0,,,,
SEK0217b,,42,5,,,,
SEK0217b,,43,3,,,,
SEK0217b,,44,0,,,,
SEK0217b,,45,5,,,,
SEK0217b,,46,3,,,,
SEK0217b,,47,1,,,,
SEK0217b,,48,2,,,,
SEK0217b,,49,4,,,,
SEK0217b,,50,3,,,,
SEK0217b,,51,2,,,,
SEK0217b,,52,0,,,,
SEK0217b,,53,4,,,,
SEK0217b,,54,3,,,,
SEK0217b,,55,2,,,,
SEK0217b,,56,2,,,,
SEK0217b,,57,2,,,,
SEK0217b,,58,3,,,,
SEK0217b,,59,3,,,,
SEK0217b,,60,4,,,,
SEK0217b,,61,4,,,,
SEK0217b,,62,4,,,,
SEK0217b,,63,7,,,,
SEK0217b,,64,10,,,,
SEK0217b,,65,7,,,,
SEK0217b,,66,2,,,,
SEK0217b,,67,2,,,,
SEK0217b,,68,3,,,,
SEK0217b,,69,2,,,,
SEK0217b,,70,7,end of core,,,
SEK0219,PIMO,0,0,,,,
SEK0219,PIMO,1,0,,,,
SEK0219,PIMO,2,0,,,,
SEK0219,PIMO,3,0,,,,
SEK0219,PIMO,4,0,,,,
SEK0219,PIMO,5,1,,,,
SEK0219,PIMO,6,0,,,,
SEK0219,PIMO,7,0,,,,
SEK0219,PIMO,8,0,,,,
SEK0219,PIMO,9,0,,,,
SEK0219,PIMO,10,2,,,,
SEK0219,PIMO,11,0,,,,
SEK0219,PIMO,12,1,,,,
SEK0219,PIMO,13,1,,,,
SEK0219,PIMO,14,0,,,,
SEK0219,PIMO,15,2,,,,
SEK0219,PIMO,16,0,,,,
SEK0219,PIMO,17,1,,,,
SEK0219,PIMO,18,2,,,,
SEK0219,PIMO,19,1,,,,
SEK0219,PIMO,20,0,,,,
SEK0219,PIMO,21,1,,,,
SEK0219,PIMO,22,1,,,,
SEK0219,PIMO,23,2,,,,
SEK0219,PIMO,24,1,,,,
SEK0219,PIMO,25,1,,,,
SEK0219,PIMO,26,2,,,,
SEK0219,PIMO,27,3,,,,
SEK0219,PIMO,28,0,,,,
SEK0219,PIMO,29,2,,,,
SEK0219,PIMO,30,0,,,,
SEK0219,PIMO,31,1,,,,
SEK0219,PIMO,32,2,,,,
SEK0219,PIMO,33,3,,,,
SEK0219,PIMO,34,0,,,,
SEK0219,PIMO,35,1,,,,
SEK0219,PIMO,36,2,,,,
SEK0219,PIMO,37,2,,,,
SEK0219,PIMO,38,2,,,,
SEK0219,PIMO,39,2,,,,
SEK0219,PIMO,40,2,,,,
SEK0219,PIMO,41,2,,,,
SEK0219,PIMO,42,3,,,,
SEK0219,PIMO,43,3,,,,
SEK0219,PIMO,44,1,,,,
SEK0219,PIMO,45,2,,,,
SEK0219,PIMO,46,6,,,,
SEK0219,PIMO,47,3,,,,
SEK0219,PIMO,48,1,,,,
SEK0219,PIMO,49,3,,,,
SEK0219,PIMO,50,3,,,,
SEK0219,PIMO,51,2,,,,
SEK0219,PIMO,52,1,,,,
SEK0219,PIMO,53,4,,,,
SEK0219,PIMO,54,0,,,,
SEK0219,PIMO,55,3,,,,
SEK0219,PIMO,56,1,,,,
SEK0219,PIMO,57,3,,,,
SEK0219,PIMO,58,2,,,,
SEK0219,PIMO,59,1,,,,
SEK0219,PIMO,60,2,,,,
SEK0219,PIMO,61,1,,,,
SEK0219,PIMO,62,2,,,,
SEK0219,PIMO,63,0,,,,
SEK0219,PIMO,64,2,,,,
SEK0219,PIMO,65,3,,,,
SEK0219,PIMO,66,3,,,,
SEK0219,PIMO,67,1,,,,
SEK0219,PIMO,68,4,,,,
SEK0219,PIMO,69,3,,,,
SEK0219,PIMO,70,2,,,,
SEK0219,PIMO,71,5,,,,
SEK0219,PIMO,72,3,,,,
SEK0219,PIMO,73,2,,,,
SEK0219,PIMO,74,3,,,,
SEK0219,PIMO,75,6,,,,
SEK0219,PIMO,76,1,,,,
SEK0219,PIMO,77,4,,,,
SEK0219,PIMO,78,2,,,,
SEK0219,PIMO,79,3,,,,
SEK0219,PIMO,80,4,,,,
SEK0219,PIMO,81,3,,,,
SEK0219,PIMO,82,2,,,,
SEK0219,PIMO,83,4,,,,
SEK0219,PIMO,84,1,,,,
SEK0219,PIMO,85,6,,,,
SEK0219,PIMO,86,0,,,,
SEK0219,PIMO,87,0,,,,
SEK0219,PIMO,88,7,,,,
SEK0219,PIMO,89,0,,,,
SEK0219,PIMO,90,3,,,,
SEK0219,PIMO,91,5,,,,
SEK0219,PIMO,92,1,,,,
SEK0219,PIMO,93,6,,,,
SEK0219,PIMO,94,0,,,,
SEK0219,PIMO,95,5,,,,
SEK0219,PIMO,96,2,,,,
SEK0219,PIMO,97,1,,,,
SEK0219,PIMO,98,3,,,,
SEK0219,PIMO,99,4,,,,
SEK0219,PIMO,100,1,,,,
SEK0219,PIMO,101,3,,,,
SEK0219,PIMO,102,3,,,,
SEK0219,PIMO,103,1,,,,
SEK0219,PIMO,104,5,,,,
SEK0219,PIMO,105,1,,,,
SEK0219,PIMO,106,4,,,,
SEK0219,PIMO,107,0,,,,
SEK0219,PIMO,108,5,,,,
SEK0219,PIMO,109,3,,,,
SEK0219,PIMO,110,4,,,,
SEK0219,PIMO,111,0,,,,
SEK0219,PIMO,112,4,,,,
SEK0219,PIMO,113,0,,,,
SEK0219,PIMO,114,4,,,,
SEK0219,PIMO,115,0,,,,
SEK0219,PIMO,116,1,,,,
SEK0219,PIMO,117,1,,,,
SEK0219,PIMO,118,5,,,,
SEK0219,PIMO,119,3,,,,
SEK0219,PIMO,120,5,,,,
SEK0219,PIMO,121,0,rings bending near pith,,,
SEK0220,PIMO,0,0,,,,
SEK0220,PIMO,1,6,,,,
SEK0220,PIMO,2,4,,,,
SEK0220,PIMO,3,5,,,,
SEK0220,PIMO,4,3,,,,
SEK0220,PIMO,5,3,,,,
SEK0220,PIMO,6,1,,,,
SEK0220,PIMO,7,2,,,,
SEK0220,PIMO,8,1,,,,
SEK0220,PIMO,9,2,,,,
SEK0220,PIMO,10,0,,,,
SEK0220,PIMO,11,3,,,,
SEK0220,PIMO,12,2,,,,
SEK0220,PIMO,13,1,,,,
SEK0220,PIMO,14,1,,,,
SEK0220,PIMO,15,0,,,,
SEK0220,PIMO,16,3,,,,
SEK0220,PIMO,17,2,,,,
SEK0220,PIMO,18,2,,,,
SEK0220,PIMO,19,2,,,,
SEK0220,PIMO,20,3,,,,
SEK0220,PIMO,21,2,,,,
SEK0220,PIMO,22,2,,,,
SEK0220,PIMO,23,1,,,,
SEK0220,PIMO,24,2,,,,
SEK0220,PIMO,25,1,,,,
SEK0220,PIMO,26,2,,,,
SEK0220,PIMO,27,1,,,,
SEK0220,PIMO,28,1,,,,
SEK0220,PIMO,29,2,,,,
SEK0220,PIMO,30,2,,,,
SEK0220,PIMO,31,0,,,,
SEK0220,PIMO,32,1,,,,
SEK0220,PIMO,33,0,,,,
SEK0220,PIMO,34,3,,,,
SEK0220,PIMO,35,1,,,,
SEK0220,PIMO,36,2,,,,
SEK0220,PIMO,37,1,,,,
SEK0220,PIMO,38,1,,,,
SEK0220,PIMO,39,1,,,,
SEK0220,PIMO,40,3,,,,
SEK0220,PIMO,41,2,,,,
SEK0220,PIMO,42,0,,,,
SEK0220,PIMO,43,3,,,,
SEK0220,PIMO,44,0,,,,
SEK0220,PIMO,45,3,,,,
SEK0220,PIMO,46,3,,,,
SEK0220,PIMO,47,4,,,,
SEK0220,PIMO,48,1,,,,
SEK0220,PIMO,49,1,,,,
SEK0220,PIMO,50,1,,,,
SEK0220,PIMO,51,0,,,,
SEK0220,PIMO,52,1,,,,
SEK0220,PIMO,53,4,,,,
SEK0220,PIMO,54,1,,,,
SEK0220,PIMO,55,0,,,,
SEK0220,PIMO,56,1,,,,
SEK0220,PIMO,57,1,,,,
SEK0220,PIMO,58,2,,,,
SEK0220,PIMO,59,1,,,,
SEK0220,PIMO,60,1,,,,
SEK0220,PIMO,61,2,,,,
SEK0220,PIMO,62,1,,,,
SEK0220,PIMO,63,3,,,,
SEK0220,PIMO,64,1,,,,
SEK0220,PIMO,65,1,,,,
SEK0220,PIMO,66,2,,,,
SEK0220,PIMO,67,4,,,,
SEK0220,PIMO,68,0,,,,
SEK0220,PIMO,69,3,,,,
SEK0220,PIMO,70,6,,,,
SEK0220,PIMO,71,1,,,,
SEK0220,PIMO,72,4,,,,
SEK0220,PIMO,73,4,,,,
SEK0220,PIMO,74,2,,,,
SEK0220,PIMO,75,1,,,,
SEK0220,PIMO,76,4,,,,
SEK0220,PIMO,77,4,,,,
SEK0220,PIMO,78,3,,,,
SEK0220,PIMO,79,4,,,,
SEK0220,PIMO,80,2,,,,
SEK0220,PIMO,81,2,,,,
SEK0220,PIMO,82,4,,,,
SEK0220,PIMO,83,6,,,,
SEK0220,PIMO,84,2,,,,
SEK0220,PIMO,85,2,,,,
SEK0220,PIMO,86,3,,,,
SEK0220,PIMO,87,3,,,,
SEK0220,PIMO,88,0,,,,
SEK0220,PIMO,89,4,,,,
SEK0220,PIMO,90,3,,,,
SEK0220,PIMO,91,0,,,,
SEK0220,PIMO,92,1,,,,
SEK0220,PIMO,93,1,,,,
SEK0220,PIMO,94,3,,,,
SEK0220,PIMO,95,0,,,,
SEK0220,PIMO,96,3,,,,
SEK0220,PIMO,97,1,,,,
SEK0220,PIMO,98,2,,,,
SEK0220,PIMO,99,4,,,,
SEK0220,PIMO,100,1,,,,
SEK0220,PIMO,101,0,,,,
SEK0220,PIMO,102,3,,,,
SEK0220,PIMO,103,2,,,,
SEK0220,PIMO,104,2,,,,
SEK0220,PIMO,105,0,,,,
SEK0220,PIMO,106,1,,,,
SEK0220,PIMO,107,1,,,,
SEK0220,PIMO,108,3,,,,
SEK0220,PIMO,109,5,,,,
SEK0220,PIMO,110,0,broken off end of core,,,
SEK0221a,,0,4,,,,
SEK0221a,,1,3,,,,
SEK0221a,,2,0,,,,
SEK0221a,,3,4,,,,
SEK0221a,,4,4,,,,
SEK0221a,,5,2,,,,
SEK0221a,,6,4,,,,
SEK0221a,,7,5,,,,
SEK0221a,,8,6,,,,
SEK0221a,,9,4,,,,
SEK0221a,,10,3,,,,
SEK0221a,,11,3,,,,
SEK0221a,,12,6,,,,
SEK0221a,,13,5,,,,
SEK0221a,,14,3,,,,
SEK0221a,,15,6,,,,
SEK0221a,,16,4,,,,
SEK0221a,,17,5,,,,
SEK0221a,,18,5,,,,
SEK0221a,,19,3,,,,
SEK0221a,,20,1,,,,
SEK0221a,,21,5,,,,
SEK0221a,,22,5,,,,
SEK0221a,,23,6,,,,
SEK0221a,,24,9,,,,
SEK0221a,,25,6,,,,
SEK0221a,,26,8,,,,
SEK0221a,,27,7,,,,
SEK0221a,,28,8,,,,
SEK0221a,,29,11,,,,
SEK0221a,,30,9,,,,
SEK0221a,,31,6,end of core,,,
SEK0122,,0,2,,,,
SEK0122,,1,0,,,,
SEK0122,,2,0,,,,
SEK0122,,3,0,,,,
SEK0122,,4,1,,,,
SEK0122,,5,0,,,,
SEK0122,,6,1,,,,
SEK0122,,7,1,,,,
SEK0122,,8,1,,,,
SEK0122,,9,0,,,,
SEK0122,,10,0,,,,
SEK0122,,11,2,,,,
SEK0122,,12,1,,,,
SEK0122,,13,0,,,,
SEK0122,,14,1,,,,
SEK0122,,15,2,,,,
SEK0122,,16,3,,,,
SEK0122,,17,1,,,,
SEK0122,,18,3,,,,
SEK0122,,19,2,,,,
SEK0122,,20,2,,,,
SEK0122,,21,1,,,,
SEK0122,,22,1,,,,
SEK0122,,23,3,,,,
SEK0122,,24,0,,,,
SEK0122,,25,0,,,,
SEK0122,,26,1,,,,
SEK0122,,27,0,,,,
SEK0122,,28,2,,,,
SEK0122,,29,0,,,,
SEK0122,,30,1,,,,
SEK0122,,31,0,,,,
SEK0122,,32,1,,,,
SEK0122,,33,2,,,,
SEK0122,,34,1,,,,
SEK0122,,35,1,,,,
SEK0122,,36,1,,,,
SEK0122,,37,2,,,,
SEK0122,,38,1,,,,
SEK0122,,39,1,,,,
SEK0122,,40,1,,,,
SEK0122,,41,0,,,,
SEK0122,,42,1,,,,
SEK0122,,43,0,crack,,,
SEK0122,,44,0,,,,
SEK0122,,45,2,,,,
SEK0122,,46,0,,,,
SEK0122,,47,0,end of first segment,,,